"codigo","nombre","unidad","valor",
"08.03.05","TUBERIA AGUAS SERVIDAS D=3"","ML","2537257.10",
"08.03.01","TUBERIA AGUAS SERVIDAS D=3"","ML","2258617.10",
"08.03.03","TUBERIA AGUAS SERVIDAS D=6"","ML","2019495.50",
"04.11.07","COLUMNA RECTANGULAR A>2500cm2","M3","853823.89",
"04.11.52","VIGA EN ARCO SALIENTE ARRIBA b=0.40","M3","476037.26",
"11.10.03","LEVANTAMIENTO TOPOGRAFICO TERRENO PLANO","Ha","59433826.19",
"11.10.06","LEVANTAMIENTO TOPOGRAFICO TERR. QUEBRADO","Ha","6598587.74",
"11.10.09","ESTUDIO GEOTECNICO TIPO I","M2","4739.52",
"11.20.03","DISE?O ARQUITECTONICO EDIFICACIONES","M2","19742.58",
"11.20.06","DISE?O URBANISTICO","Ha","11784701.40",
"11.20.09","DISE?O ESTRUCTURAL EDIFICACIONES","M2","13528.47",
"11.20.12","DISE?O HIDRAULICO/SANITARIO EDIFICACION","M2","5993.00",
"11.20.15","DISE?O ELECTRICO EDIFICACIONES (BT)","M2","5478.41",
"12.10.03","LOCALIZACION","M2","1273.71",
"12.10.06","REPLANTEO","M2","1596.05",
"12.10.09","LOCALIZACION Y REPLANTEO","M2","2825.56",
"12.30.03","DESMONTE Y LIMPIEZA EN RASTROJO","Ha","1668973.36",
"12.30.06","DESMONTE Y LIMPIEZA EN BOSQUE","Ha","2314547.44",
"12.30.09","DESMONTE Y LIMPIEAZA MANUAL EN RASTROJO","Ha","3608395.04",
"12.30.12","DESMONTE MANUAL","M2","8021.19",
"12.30.15","DESMONTE MANUAL SIN RETIRO","M2","5172.98",
"12.30.18","ROCERIA Y LIMPIEZA","M2","1236.00",
"12.30.21","PODA DE ARBOLES","UND","44768.16",
"12.30.24","DESMONTE Y LIMPIEZA CUNETAS","ML","1214.89",
"12.30.27","DEMOLICIONES EN CONCRETO REFORZADO","M3","125618.72",
"12.30.30","DEMOLICIONES EN CONCRETO CICLOPEO","M3","115678.80",
"12.30.33","DEMOLICIONES EN MAMPOSTERIA 0.1<e<0.15","M3","123375.31",
"12.30.36","DEMOLICION MANUAL PLACAS MACIZAS e=0.15","M2","42111.90",
"12.30.39","DEMOLICION MANUAL PLACAS ALIGER e=0.25","M2","42111.90",
"12.30.42","DEMOLICION MANUAL DE MUROS e=0.25","M2","37432.80",
"12.30.45","DEMOLICION MANUAL DE MUROS e=0.15","M2","14973.12",
"12.30.48","DEMOLICION MANUAL DE MUROS EN BLOQUE","M2","10761.93",
"12.30.51","DEMOLICION PLACA CONTRAPISO 0.10","M2","13738.41",
"12.30.54","DEMOLICION ENCHAPES DE MUROS","M2","14973.12",
"12.30.57","DEMOLICION PISOS EN BALDOSIN","M2","14973.12",
"12.30.60","DEMOLICION PISOS EN MOSAICO","M2","14973.12",
"12.31.03","RETIRO DE CUBIERTAS A.C.","M2","11997.47",
"12.31.06","RETIRO DE TEJA DE BARRO","M2","11997.47",
"12.31.09","RETIRO DE SOBRANTES DE CONSTRUCCION","M3","16823.60",
"12.41.03","RETIRO MANUAL MATERIAL EXCAVADO","M3","18716.40",
"12.30.63","ROTURA PAVIMENTOS ASFALTICOS - COMPRESOR","M2","4957.74",
"12.30.66","ROTURA PAVIMENTOS ASFALTICOS - MANUAL","M2","19184.31",
"12.31.12","CARGUE MECANICO DE MATERIAL","M3","2669.62",
"12.31.15","CARGUE MANUAL DE MATERIAL","M3","7486.56",
"12.31.18","EXTRACCION Y CARGUE MECANICO","M3","8058.17",
"12.31.21","EXTRACCION Y CARGUE MANUAL","M3","42595.20",
"12.31.24","SOBREACARREO","M3/KM","919.38",
"12.20.03","CERRAMIENTO EN MADERA H=2.40M","ML","68995.64",
"12.20.06","CERRAMIENTO MALLA H= 1.80","ML","108391.97",
"12.20.09","CERRAMIENTO MALLA  H= 1.80","ML","88537.84",
"12.20.12","TUBO GALVANIZADO 2"x3.0 PARA CERRAMIENTO","UND","69071.01",
"12.20.15","PROTECCION EN ANGULO Y ALAMBRE DE PUAS","ML","27670.96",
"12.20.18","ALAMBRE DE PUAS TRES HILOS","ML","15198.86",
"12.20.21","CAMPAMENTO DE 9 M2","GL","1495575.80",
"12.20.24","CAMPAMENTO DE 15 M2","GL","2298273.28",
"12.20.27","CAMPAMENTO DE 18 M2","GL","3084184.60",
"12.20.30","RED DE AGUA PROVISIONAL L=50M 5 SALIDAS","GL","525631.28",
"12.40.03","EXCAVACION MECANICA SIN CLASIFICAR (B+C)","M3","13657.57",
"12.40.06","EXCAVACION MECANICA EN TIERRA (B+C)","M3","11356.12",
"12.40.09","EXCAVACION MECANICA EN CONCLOMERADO","M3","13657.57",
"12.40.12","EXCAVACION MECANICA EN ROCA","M3","73593.34",
"12.40.15","EXCAVACION RETROEXCAVADORA-TIERRA","M3","11676.58",
"12.40.18","EXCAVACION RETROEXCAVADORA-CONGLOMERADO","M3","12727.11",
"12.40.21","EXCAVACION RETROEXCAVADORA-SIN CLASIFIC.","M3","12727.11",
"12.40.24","DESCAPOTE CON MAQUINA H=0.20m","M2","6106.00",
"12.40.27","EXCAVACI?N MECANICA PARA DESCOLES","M3","12787.14",
"12.40.30","DESCAPOTE MANUAL H=0.10 m","M2","3368.95",
"12.40.33","EXCAVACION MANUAL SIN CLASIFICAR","M3","56149.20",
"12.40.39","EXCAVACION MANUAL H<2m MATERIAL BLANDO","M3","53432.80",
"12.40.42","EXCAVACION MANUAL BAJO AGUA EN TIERRA","M3","69247.90",
"12.40.45","EXCAVACION MANUAL H<2M ARCILLA DURA","M3","72149.20",
"12.40.48","EXCAVACIONES VARIAS EN ROCA BAJO AGUA","M3","55387.63",
"12.40.51","EXCAVACION MANUAL BAJO AGUA EN ARCILLA","M3","102001.60",
"12.40.54","EXCAVACION MANUAL BAJO AGUA EN CONGLOMER","M3","125397.10",
"12.40.57","EXCAVACION MANUAL SIN CLASIFI. BAJO AGUA","M3","125397.10",
"12.40.60","EXCAV. MANUAL 2m<H<3.5m MATERIAL BLANDO","M3","62791.00",
"12.40.63","EXCAV. MANUAL 2m<H<3.5m ARCILLA DURA","M3","81507.40",
"12.40.66","EXCAV. MANUAL 2m<H<3.5m CONGLOMERADOS","M3","90865.60",
"12.40.69","EXCAVACION MANUAL EN ROCA","M3","149089.28",
"12.40.72","EXCAVACION MANUAL EN ROCA CON AGUA","M3","128605.24",
"12.40.75","EXCAVACION PARA PARCHEO","M3","72994.30",
"12.40.78","ENTIBADO EN TABLA VERTICAL","M2","22078.62",
"12.40.81","ESCARIFIC. CONFORMACION Y COMPACTACION","M2","3122.56",
"12.40.84","EXCAVACION MINIPILOTES D=0.30/Tierra","ML","9358.20",
"12.40.87","EXCAVACION MINIPILOTES D=0.30/Arc.dura","ML","18716.40",
"12.40.88","EXCAVACION MINIPILOTES D=0.35/Tierra","ML","12633.57",
"12.40.89","EXCAVACION MINIPILOTES D=0.35/Arc.dura","ML","22459.68",
"12.40.92","EXCAVACION TIERRA POSTES ELECTRIC D=0.35","ML","12633.57",
"12.40.93","EXCAVACION CONGLO POSTES ELECTRIC D=0.35","ML","22459.68",
"12.40.94","EXCAVACION TIERRA POSTES ELECTRIC D=0.50","ML","14973.12",
"12.40.95","EXCAVACION CONGLO POSTES ELECTRIC D=0.50","ML","37432.80",
"21.40.03","PLACA CIMENTACION CAS-MAD 85x85 e=0.15","M2","76347.78",
"21.40.06","PLACA CIMENTACION RET-CEL 85x85 e=0.15","M2","104246.94",
"21.40.09","PLACA CIMENTACION CAS-MAD 85x85 e=0.20","M2","82200.24",
"21.40.12","PLACA CIMENTACION RET-CEL 85x85 e=0.20","M2","116702.19",
"21.40.15","PLACA CIMENTACION RET-CEL 75x75 e=0.15","M2","89730.30",
"21.40.18","PLACA CIMENTACION RET-CEL 75x75 e=0.20","M2","102490.18",
"22.31.03","PLACA MACIZA H=.10","M2","102337.90",
"22.31.06","PLACA MACIZA H=.12","M2","114419.30",
"22.31.09","PLACA MACIZA H=.15","M2","131706.31",
"22.32.03","PLACA ALIGERADA 1DIR H=0.25 U/20/40","M2","123233.66",
"22.32.06","PLACA ALIGERADA 1DIR H=0.25 BLOQUE/60","M2","151117.06",
"22.32.09","PLACA ALIGERADA 1DIR H=0.30 BLOQUE/60","M2","156013.06",
"22.32.12","PLACA ALIGERADA 1DIR H=0.35 BLOQUE/60","M2","171301.02",
"22.32.15","PLACA ALIG. 1DIR H=0.40 BLOQ/60 SIN RECU","M2","171287.88",
"22.32.18","PLACA ALIG. 1DIR H=0.45 BLOQ/75 SIN RECU","M2","180524.07",
"22.32.21","PLACA ALIG. 1DIR H=0.25 UNIC/85 SIN RECU","M2","156005.07",
"22.32.24","PLACA ALIGERADA 1DIR H=0.30 UNICEL/85","M2","158083.85",
"22.32.27","PLACA ALIGERADA 1DIR H=0.35 UNICEL/85","M2","172876.81",
"22.32.30","PLACA ALIGERADA 1DIR H=0.40 UNICEL/85","M2","189362.97",
"22.32.33","PLACA ALIGERADA 1DIR H=0.45 UNICEL/85","M2","191483.09",
"22.32.36","PLACA ALIG. 1DIR H=0.20 UNIC/85 SIN RECU","M2","124746.69",
"22.32.42","PLACA ALIG. 1DIR H=0.40 UNIC/85 SIN RECU","M2","168359.82",
"22.32.39","PLACA ALIG. 1DIR H=0.30 UNIC/85 SIN RECU","M2","149999.25",
"22.32.45","PLACA ALIGERADA 1DIR C.MADERA H=0.25 ST","M2","146567.16",
"22.32.48","PLACA ALIGERADA 1DIR C.MADERA H=0.30 ST","M2","154802.26",
"22.32.51","PLACA ALIGERADA 1DIR C.MADERA H=0.35 ST","M2","163182.53",
"22.32.54","PLACA ALIGERADA 1DIR C.MADERA H=0.40 ST","M2","173471.20",
"22.32.57","PLACA ALIGERADA 1DIR C.MADERA H=0.45 ST","M2","185074.15",
"22.33.03","PLACA ALIGERADA H=30 DOS DIR. RET-CEL","M2","195067.36",
"22.33.06","PLACA ALIGERADA H=35 DOS DIR. RET-CEL","M2","205734.69",
"22.33.09","PLACA ALIGERADA H=40 DOS DIR. RET-CEL","M2","213137.00",
"22.33.12","PLACA ALIGERADA H=45 DOS DIR. RET-CEL","M2","216082.45",
"22.34.03","PLACA METALDECK 2" CAL 16 e=0.10","M2","151260.09",
"22.34.06","PLACA METALDECK 2" CAL 18 e=0.10","M2","136569.39",
"22.34.09","PLACA METALDECK 2" CAL 20 e=0.10","M2","123903.39",
"22.34.12","PLACA METALDECK 2" CAL 22 e=0.10","M2","117352.59",
"22.34.15","PLACA METALDECK 2" CAL 16 e=0.12","M2","158101.34",
"22.34.18","PLACA METALDECK 2" CAL 18 e=0.12","M2","144999.74",
"22.34.21","PLACA METALDECK 2" CAL 20 e=0.12","M2","132333.74",
"22.34.24","PLACA METALDECK 2" CAL 22 e=0.12","M2","125782.94",
"22.34.27","PLACA METALDECK 3" CAL 16 e=0.10","M2","188557.73",
"22.34.30","PLACA METALDECK 3" CAL 18 e=0.10","M2","167813.53",
"22.34.33","PLACA METALDECK 3" CAL 20 e=0.10","M2","147759.03",
"22.34.36","PLACA METALDECK 3" CAL 22 e=0.10","M2","137386.93",
"22.34.39","PLACA METALDECK 3" CAL 16 e=0.12","M2","194334.89",
"22.34.42","PLACA METALDECK 3" CAL 18 e=0.12","M2","173590.69",
"22.34.45","PLACA METALDECK 3" CAL 20 e=0.10","M2","153536.19",
"22.34.48","PLACA METALDECK 3" CAL 22 e=0.12","M2","143745.29",
"22.34.51","PLACA METALDECK 3" CAL 16 e=0.14","M2","200319.16",
"22.34.54","PLACA METALDECK 3" CAL 18 e=0.14","M2","179574.96",
"22.34.57","PLACA METALDECK 3" CAL 20 e=0.14","M2","159409.10",
"22.34.60","PLACA METALDECK 3" CAL 22 e=0.14","M2","149148.36",
"22.33.15","PLACA DOS DIR. H=0.35 REMOVIBLE PLASTICA","M2","181092.88",
"22.34.80","PLACA PRELOSA CV=200","M2","71951.71",
"22.34.83","PLACA PRELOSA CV=400","M2","72003.46",
"22.50.03","ESCALERAS DE TRAMOS RECTOS","M3","1256594.58",
"22.50.06","PASOS PREFAB. ESCALERAS Huella = 0.30","ML","19228.65",
"22.40.03","MEMBRANA CILINDRICA ARCO=180 e=0.06","M2","91942.80",
"22.40.06","MEMBRANA CILINDRICA ARCO=120","M2","113802.58",
"22.40.09","MEMBRANA CILINDRICA ARCO=90","M2","98770.37",
"22.40.12","MEMBRANA CILINDRICA ARCO=60","M2","96371.97",
"22.40.15","MEMBRANA CILINDRICA ARCO=180 e=0.07","M2","95971.40",
"22.40.18","MEMBRANA TRAPEZOIDAL e=0.07","M2","116702.60",
"22.90.03","REFUERZO Fy= 2400 Kg/cm2 1/4"","KG","6235.18",
"22.90.06","REFUERZO Fy= 2400 Kg/cm2 3/8"","KG","6074.53",
"22.90.09","REFUERZO Fy= 4200 Kg/cm2 1/2"","KG","4579.41",
"22.90.12","REFUERZO Fy= 4200 Kg/cm2 5/8"-3/4"","KG","4344.86",
"22.90.15","REFUERZO Fy= 4200 Kg/cm2 7/8"-1"","KG","4107.65",
"23.10.03","CORREA METALICA 3D3/8 Dg1D=1/4","ML","18993.24",
"23.10.06","CORREA METALICA 3D1/2 Dg1D=3/8","ML","26818.41",
"23.10.09","CORREA METALICA 2D1/2+1D5/8 Diag2D=3/8","ML","39035.84",
"23.10.12","CORREA METALICA 3D5/8 Dg2D=3/8","ML","47095.97",
"23.10.15","CORREA METALICA 2D5/8+1D3/4 Dg2D=3/8","ML","53553.75",
"23.10.18","VIGA CERCHA VOLADIZO 6.8x(0.75-0.35)x0.3","UND","1096648.68",
"31.10.03","RED SUMINISTRO DE AGUA PVC 1/2 Y 3/4","ML","17637.58",
"31.10.06","TUBER?A AGUA PRESI?N PVC 1/2"","ML","15357.39",
"31.10.09","TUBER?A AGUA PRESI?N PVC 3/4"","ML","17612.23",
"31.10.12","TUBER?A AGUA PRESI?N PVC 1"","ML","21448.11",
"31.10.15","TUBER?A AGUA PRESI?N PVC 1 1/2"","ML","48083.99",
"31.10.18","TUBERIA AGUA PRESI?N PVC 2"","ML","50000.32",
"31.10.21","PUNTO AGUA FRIA PVC","UND","128239.47",
"32.10.03","TUBERIA AGUAS SERVIDAS D=3"","ML","39196.27",
"32.10.06","TUBERIA AGUAS SERVIDAS D=4"","ML","49709.32",
"32.10.09","TUBERIA AGUAS SERVIDAS D=6"","ML","99127.45",
"32.10.12","TUBERIA AGUAS SERVIDAS D=3"","ML","49033.03",
"32.10.15","TUBERIA AGUAS SERVIDAS D=4"","ML","55982.72",
"32.10.18","TUBERIA AGUAS SERVIDAS D=6"","ML","106307.12",
"32.10.21","PUNTO DESAGUE PVC 3"-4" PARA VIS","UND","138042.13",
"32.10.24","PUNTO DESAGUE PVC 3"-4"","UND","147928.17",
"32.10.27","PUNTO DESAGUE PVC 2"-3"","UND","104489.39",
"32.10.30","BAJANTE AGUA NEGRA PVC D=3"","ML","66517.95",
"32.10.33","BAJANTE AGUA NEGRA PVC D=4"","ML","76023.01",
"32.10.36","BAJANTE AGUA NEGRA PVC D=6"","ML","134704.89",
"32.40.86","INSTALACION APARATO SANITARIO","UND","51682.73",
"32.10.39","TUBERIA AGUAS LLUVIAS D=3"","ML","84033.36",
"32.10.42","TUBERIA AGUAS LLUVIAS D=4"","ML","135463.85",
"32.10.45","BAJANTE AGUAS LLUVIAS PVC D=3"","ML","92178.36",
"32.10.48","BAJANTE AGUAS LLUVIAS  PVC D=4"","ML","132032.85",
"36.10.03","SUMINISTRO DE GAS TUBERIA GALVANIZADA","ML","27590.02",
"32.40.03","SANI. 1 PIEZA DOBLE DESCARGA","UND","411082.73",
"32.40.06","SANI. 1 PIEZA REDONDO DOBLE DESC. COLOR","UND","434023.73",
"32.40.09","SANI. 1 PIEZA REDONDO DOBLE DESC.","UND","391582.73",
"32.40.12","SANITARIO BLANCO","UND","248582.73",
"32.40.15","SANITARIO COLOR HUESO","UND","260582.73",
"32.40.18","SANITARIO COLOR VINOTINTO","UND","416947.73",
"32.40.21","SANITARIO INFANTIL BLANCO","UND","387630.73",
"32.40.24","COMBO SANITARIO ECONOMICO BLANCO","UND","224980.73",
"32.40.27","SANITARIO DOBLE DESCARGA COLOR HUESO","UND","288582.73",
"32.40.30","SANITARIO DOBLE DESCARGA BLANCO","UND","273582.73",
"32.40.33","SANITARIO ESPACIOS REDUCIDOS BLANCO","UND","210582.73",
"32.40.36","SANITARIO ESPACIOS REDUCIDOS COLOR","UND","220582.73",
"32.40.39","COMBO SANITARIO DOBLE DESCARGA","UND","487022.09",
"32.40.42","LAVAMANOS DE COLGAR COLOR 1 LLAVE","UND","97042.73",
"32.40.45","LAVAMANOS DE COLGAR BLANCO 1 LLAVE","UND","95042.73",
"32.40.48","LAVAMANOS DE COLGAR BLANCO 2 LLAVES","UND","94962.73",
"32.40.51","LAVAMANOS DE COLGAR COLOR CLARO 2 LLAVES","UND","100614.73",
"32.40.54","LAVAMANOS DE INCRUSTAR BLANCO","UND","196142.73",
"32.40.57","LAVAMANOS DE INCRUSTAR COLOR CLARO","UND","206142.73",
"32.40.60","LAVAMANOS DE PEDESTAL BLANCO","UND","173254.69",
"32.40.63","LAVAMANOS DE PEDESTAL COLOR CLARO","UND","179254.69",
"32.40.64","LAVAMANOS DE PEDESTAL COLOR ESPEC.","UND","157444.73",
"32.40.65","DUCHA  SENCILLA","UND","171190.73",
"32.40.66","DUCHA CSB CROMO","UND","383056.73",
"32.40.67","DUCHA SSB IRIS","UND","485028.73",
"32.40.68","LAVAPLATOS EN GRANITO  40x60","UND","459529.88",
"12.51.03","COMPACTACION DE RELLENO CON CILINDRO","M3","15180.24",
"12.51.06","COMPACTACION DE RELLENO MANUALMENTE","M3","56149.20",
"12.51.09","COMPACTACION CON VIBROCOMPATADOR MANUAL","M3","34750.88",
"12.51.12","RELLENO GRAVA RIO/VIBROCOMPAC. MANUAL","M3","57544.18",
"12.51.15","RELLENO GRAVA TRITUR/VIBROCOMPAC. MANUAL","M3","70044.18",
"21.10.03","CONCRETO DE SANEAMIENTO 0.05<e<0.10m","M3","618955.08",
"21.10.06","CONCRETO DE SANEAMIENTO e=0.05","M2","30947.76",
"21.10.09","CONCRETO DE SANEAMIENTO e=0.075","M2","46280.49",
"21.10.12","CIMIENTO EN CIPLOPEO-SIN FORMALETA","M3","399232.65",
"21.10.15","CIMIENTO EN CICLOPEO-CON FORMALETA","M3","512415.41",
"21.30.03","VIGA SOBRECIMIENTO 20x20 (21MPa-Con ref)","ML","56318.00",
"21.30.06","VIGA SOBRECIMIENTO 20x25 (21MPa Con ref)","ML","63473.76",
"21.30.09","VIGA SOBRECIMIENTO 15x25 (21MPa Con ref)","ML","58806.75",
"21.30.12","VIGA SOBRECIMIENTO 15x30 (21MPa Con ref)","ML","64309.37",
"21.30.15","VIGA SOBRECIMIENTO 15x35 (21MPa Con ref)","ML","67480.95",
"21.30.18","VIGA SOBRECIMIENTO 25x25 (21MPa Con ref)","ML","75539.73",
"21.30.21","VIGA SOBRECIMIENTO 25x30 (21MPa Con ref)","ML","82457.88",
"21.30.24","VIGA SOBRECIMIENTO 25x35 (21MPa Con ref)","ML","89699.39",
"21.30.27","VIGA PERIMENTRAL PLAC.CIMENT. 0.15x0.30","ML","64723.37",
"21.30.30","VIGA S/MINIPILOTES 15x30 (21MPa Con ref)","ML","59992.37",
"21.30.33","VIGA S/MINIPILOTES 20x25 (21MPa Con ref)","ML","45690.86",
"21.30.36","VIGA S/MINIPILOTES 20x30 (21MPa Con ref)","ML","69668.79",
"21.30.39","VIGA DE SECCION T INV. 15x15-30x15","ML","57089.90",
"21.30.42","VIGA DE SECCION T INV. 15x30-45x15","ML","82393.33",
"21.20.06","ZAPATA CONCENTRICA  2 A 4  M2","M3","671584.69",
"21.20.03","ZAPATA CONCENTRICA  A<2  M2","M3","732099.96",
"21.20.09","ZAPATA CONCENTRICA  A>4  M2","M3","655204.24",
"21.20.30","PEDESTALES CONCRETO 21.0 MPa","M3","795133.01",
"21.20.33","PEDESTALES CONCRETO 28.0 MPa","M3","987507.45",
"21.30.45","VIGA DE AMARRE DE CIMENTACION","M3","716165.16",
"21.30.48","VIGA CIMENTACION DE 0.20 x 0.70","ML","160243.67",
"21.60.03","MURO DE CONTENCION EN VOLADIZO b=0.20","M3","880656.10",
"21.60.06","MURO DE CONTENCION EN VOLADIZO b=0.30","M3","875488.20",
"21.60.42","MURO CIMENTACION H=1.50 B=0.80 e=0.20","ML","502772.14",
"21.60.45","MURO CIMENTACION H=2.00 B=0.80 e=0.20","ML","591868.34",
"21.10.60","MINIPILOTE EN CICLOPEO D=0.30 - 17.5 MPa","ML","27091.27",
"21.10.63","MINIPILOTE EN CICLOPEO D=0.30 - 14 MPa","ML","26608.91",
"21.10.66","MINIPILOTE EN CICLOPEO D=0.35 - 17.5 MPa","ML","35192.67",
"21.10.69","MINIPILOTE EN CICLOPEO D=0.35 - 14 MPa","ML","34546.10",
"21.10.21","PLACA CONTRAPISO e=0.15 m.","M2","86106.13",
"21.10.24","PLACA CONTRAPISO e=0.12 m.","M2","72794.99",
"21.10.27","PLACA CONTRAPISO e=0.10 m.","M2","62534.93",
"22.10.03","COLUMNA RECTANGULAR A<1600cm2","M3","1089076.75",
"22.10.06","COLUMNA RECTANGULAR 1600<A<2500cm2","M3","967254.30",
"22.10.09","COLUMNA RECTANGULAR A>2500cm2","M3","782599.80",
"22.10.12","COLUMNA RECTANGULAR A<1600cm2","M3","1118906.20",
"22.10.15","COLUMNA RECTANGULAR 1600<A<2500cm2","M3","997083.75",
"22.10.18","COLUMNA RECTANGULAR A>2500cm2","M3","855798.65",
"22.11.60","COLUMNA DE 0.25x0.25 (Reforzada)","ML","115257.97",
"22.11.03","COL.DE CONFINAMIENTO SIN REFUERZO 15x20","ML","31736.34",
"22.11.06","COL.DE CONFINAMIENTO SIN REFUERZO 15x25","ML","38119.41",
"22.11.09","COL.DE CONFINAMIENTO SIN REFUERZO 15x30","ML","40949.38",
"22.11.12","COL.DE CONFINAMIENTO SIN REFUERZO 12x25","ML","31438.80",
"22.11.15","COL.DE CONFINAMIENTO SIN REFUERZO 12x30","ML","37421.56",
"22.11.30","COL.DE CONFINAMIENTO CON REFUERZO 15x20","ML","50461.67",
"22.11.33","COL.DE CONFINAMIENTO CON REFUERZO 15x25","ML","57470.90",
"22.11.36","COL.DE CONFINAMIENTO CON REFUERZO 15x30","ML","64491.09",
"22.11.39","COL.DE CONFINAMIENTO CON REFUERZO 12x25","ML","50461.67",
"22.11.42","COL.DE CONFINAMIENTO CON REFUERZO 12x30","ML","56567.50",
"22.20.03","VIGA AISLADA FUNDIDA EN SITIO b=0.20","M3","979937.53",
"22.20.06","VIGA AISLADA FUINDIDA EN SITIO b=0.30","M3","885130.20",
"22.20.09","VIGA AISLADA FUINDIDA EN SITIO b=0.40","M3","858200.63",
"22.21.09","VIGA SOBRE MURO 0.20x0.20","ML","35045.78",
"22.21.30","VIGA SOBRE MURO 12x20 CON REFUERZO","ML","49375.26",
"22.21.33","VIGA SOBRE MURO 12x25 CON REFUERZO","ML","51213.64",
"22.21.36","VIGA SOBRE MURO 12x30 CON REFUERZO","ML","56324.12",
"22.21.39","VIGA SOBRE MURO 15x25 CON REFUERZO","ML","61632.36",
"22.21.42","VIGA SOBRE MURO 15x30 CON REFUERZO","ML","68925.94",
"22.21.03","VIGA SOBRE MURO 12x20 SIN REFUERZO","ML","30414.05",
"22.20.30","VIGA EN ARCO SALIENTE ARRIBA b=0.20","M3","866600.65",
"22.20.33","VIGA EN ARCO SALIENTE ARRIBA b=0.30","M3","840813.54",
"22.20.36","VIGA EN ARCO SALIENTE ARRIBA b=0.40","M3","821746.52",
"22.10.21","COLUMNA RECTANGULAR A<1600cm2","M3","1098902.30",
"22.10.24","COLUMNA RECTANGULAR 1600<A<2500cm2","M3","1030898.25",
"22.10.27","COLUMNA RECTANGULAR A>2500cm2","M3","853886.20",
"22.11.61","COLUMNA DE 0.25x0.25 (Reforzada)","ML","100163.89",
"22.11.04","COL.DE CONFINAMIENTO SIN REFUERZO 15x20","ML","31427.25",
"22.11.07","COL.DE CONFINAMIENTO SIN REFUERZO 15x25","ML","38119.41",
"22.11.10","COL.DE CONFINAMIENTO SIN REFUERZO 15x30","ML","44185.48",
"22.11.13","COL.DE CONFINAMIENTO SIN REFUERZO 12x25","ML","31129.71",
"22.11.16","COL.DE CONFINAMIENTO SIN REFUERZO 12x30","ML","37421.56",
"22.11.31","COL.DE CONFINAMIENTO CON REFUERZO 15x20","ML","50461.67",
"22.11.34","COL.DE CONFINAMIENTO CON REFUERZO 15x25","ML","57470.90",
"22.11.37","COL.DE CONFINAMIENTO CON REFUERZO 15x30","ML","65181.56",
"22.11.40","COL.DE CONFINAMIENTO CON REFUERZO 12x25","ML","50461.67",
"22.11.43","COL.DE CONFINAMIENTO CON REFUERZO 12x30","ML","56567.50",
"22.20.04","VIGA AISLADA FUNDIDA EN SITIO b=0.20","M3","982763.08",
"22.20.10","VIGA AISLADA FUNDIDA EN SITIO b=0.40","M3","861026.18",
"22.21.10","VIGA SOBRE MURO 0.20x0.20","ML","34427.60",
"22.21.31","VIGA SOBRE MURO 12x20 CON REFUERZO","ML","50375.18",
"22.21.34","VIGA SOBRE MURO 12x25 CON REFUERZO","ML","50993.36",
"22.21.37","VIGA SOBRE MURO 12x30 CON REFUERZO","ML","55813.58",
"22.21.40","VIGA SOBRE MURO 15x25 CON REFUERZO","ML","61433.60",
"22.21.43","VIGA SOBRE MURO 15x30 CON REFUERZO","ML","68748.71",
"22.21.04","VIGA SOBRE MURO 12x20 SIN REFUERZO","ML","30484.01",
"22.20.31","VIGA EN ARCO SALIENTE ARRIBA b=0.20","M3","869426.20",
"22.20.37","VIGA EN ARCO SALIENTE ARRIBA b=0.40","M3","824572.07",
"22.11.80","PANTALLA e=0.15 m","M2","157321.32",
"32.40.69","MESON LAVAPLATOS GRANITO OSCURO L=1.20","UND","266303.73",
"32.40.70","LAVAPLATOS EN ACERO L=1.20","UND","200022.73",
"32.40.71","LAVAPLATOS EN ALUMINIO 40x60.","UND","186725.73",
"32.40.72","LAVAPLATOS EN ALUMINIO FUNDIDO 40x60","UND","182549.73",
"32.40.73","LAVAPLATOS ESMALTADO 40x60","UND","186725.73",
"32.40.74","LAVAPLATOS EN ACERO 40x40","UND","181682.73",
"32.40.75","LAVAPLATOS EN ACERO 40x60","UND","183971.73",
"32.40.76","LAVAPLATOS EN ACERO L=1x0.50","UND","200022.73",
"32.40.77","LAVAPLATOS EN ACERO L=1.50","UND","386603.73",
"32.40.78","LAVAPLATOS EN ACERO DOBLE POCETA L=0.80","UND","320330.73",
"32.40.79","LAVADERO PREFABRICADO EN CONCRETO","UND","246241.11",
"32.40.80","LAVADERO EN FIBRA DE VIDRIO SIN FLAUTA","UND","387013.14",
"32.40.81","LAVADERO EN FIBRA DE VIDRIO CON FLAUTA","UND","408433.14",
"32.40.82","LAVAPLATOS EN ACERO L=1.20","UND","189522.73",
"32.40.83","LAVADERO PREFABRICADO GRANITO","UND","202723.11",
"32.40.84","LLAVE DE JARDIN BRONCE LIVIANA","UND","13529.68",
"32.40.85","LLAVE DE JARDIN CROMADA LIVIANA","UND","39973.68",
"32.50.03","TANQUE DE ALMACENAMIENTO DE 500 lts","UND","351721.83",
"32.50.06","TANQUE DE ALMACENAMIENTO DE 1000 lts","UND","481565.83",
"32.50.09","TANQUE DE ALMACENAMIENTO DE 2000 lts","UND","935464.83",
"32.50.12","TANQUE DE ALMACENAMIENTO DE 5000 lts","UND","2286678.83",
"32.50.15","REGISTRO D=1/2"","UND","62344.87",
"32.50.18","REGISTRO D=3/4"","UND","47372.34",
"32.50.21","REGISTRO D=1"","UND","57575.67",
"32.50.24","MEDIDOR DE AGUA 1"","UND","360646.73",
"32.50.27","MEDIDOR DE AGUA 1/2","UND","207324.42",
"32.50.30","MEDIDOR DE AGUA 3/4","UND","270008.42",
"32.20.03","TUBERIA GRES D=3"","ML","31748.72",
"32.20.06","TUBERIA GRES D=4"","ML","36673.64",
"32.20.09","TUBERIA GRES D=6"","ML","49757.60",
"32.20.12","TUBERIA GRES D=8"","ML","61497.07",
"32.30.03","CAJA DE INSPECCION 40x40x40","UND","151344.90",
"32.30.06","CAJA DE INSPECCION 60x60x60","UND","288853.89",
"32.30.09","CAJA DE INSPECCION 70x70x70","UND","359706.75",
"32.30.12","CAJA DE INSPECCION 100x100x80","UND","596036.49",
"32.30.15","CAJA DE INSPECCION 100x100x90","UND","639668.30",
"32.30.18","CAJA DE INSPECCION 100x100x100","UND","679301.96",
"32.30.21","CAJA DE INSPECCION 80x80x80","UND","403409.19",
"32.30.24","CAJA EN CONRETO 0.30x0.40 CON TAPA","UND","132733.63",
"32.30.27","CAJA EN CONCRETO 1.0x1.0x1.0","UND","617690.28",
"32.30.30","REJILLA ECONOMICA","UND","8036.84",
"32.30.33","REJILLA CORRIENTE","UND","8021.84",
"33.10.03","SALIDA ALUMBRADO INCANDECENTE-ROCETAS","UND","95175.13",
"33.10.06","SALIDA DE TOMA CORRIENTE DM 115VOL-100W","UND","99225.09",
"33.10.09","SALIDA TOMACORRIENTE DM POLO/TIERRA","UND","108475.52",
"33.10.12","SALIDA TOMAS CORRIENTES 3 POLOS/COCINA","UND","129070.33",
"33.10.15","SALIDA  DE TOMACORRIENTE AIRE ACONDICIO","UND","132922.53",
"33.10.18","SALIDA  DE TOMA PARA EXTRACTOR 500W 115V","UND","99225.09",
"33.10.21","SALIDA  DE TOMA PARA PLANCHA 1200W-115V","UND","103385.26",
"33.10.24","SALIDA BOTON CON SU CAMPANA PARA TIMBRE","UND","86439.70",
"33.10.27","SALIDA PARA INTERRUPTORES CONMUTABLE","UND","111136.01",
"33.10.30","SALIDA TOMACORRIENTE POLARIZADOS (COMU)","UND","158128.21",
"33.10.33","SALIDA LUMINARIA 2x32 T8 Elec. Sobrep.","UND","148624.02",
"33.10.36","SALIDA LUMINARIA 2x32 T8 Rej. 12 Cel.","UND","280649.42",
"33.10.39","SALIDA PARA BOMBILLOS ELECTRICOS 16W","UND","99571.68",
"33.10.42","SALIDA PARA TELEFONOS","UND","95599.97",
"33.10.45","SALIDA TELEVISION DE CABLE COAXIAL","UND","92846.35",
"33.10.48","SALIDA TV EN DERIVACION CABLE COAXIAL","UND","113450.82",
"33.10.51","SALIDA PARA TELEFONOS (SIN ALAMBRAR)","UND","57115.07",
"33.20.03","ACOMETIDA CABLE CONCENTRICO 2*10","ML","17957.76",
"33.20.06","ALIMENTACION 2#8+1#12+1#12T DUCTO 1"","ML","15850.30",
"33.20.09","ALIMENTACION 3#8+1#10+1#10T DUCTO 1 1/4"","ML","22961.72",
"33.20.12","ALIMENTACION 3#6+1#8+1#8T DUCTO 1 1/2"","ML","26324.48",
"33.20.15","ALIMENTACION 3#4+1#6+1#8T DUCTO 2"","ML","47082.65",
"33.20.18","TABLERO 2 CIRCUITOS","UND","89229.83",
"33.20.21","TABLERO 4 CIRCUITOS","UND","129664.60",
"33.20.24","TABLERO 6 CIRCUITOS","UND","209976.82",
"33.20.27","TABLERO TRIFILAR 8 CIRCUITOS 125AMP.","UND","369570.82",
"33.20.30","TABLERO TRIFILAR 12 CIRCUITOS 125AMP.","UND","491050.03",
"33.20.33","TABLERO TRIFILAR 18 CIRCUITOS 125AMP.","UND","715710.44",
"33.20.36","TABLERO TRIFILAR 20 CIRCUITOS","UND","712924.39",
"33.20.39","TABLERO TRIFILAR 24 CIRCUITOS","UND","971824.78",
"33.20.42","SISTEMA PUESTA A TIERRA TABLEROS","UND","1161043.33",
"33.20.45","CONTADOR TRIFASICO CON CAJA","UND","356264.91",
"33.10.54","LAMPARAS FLUORESCENTES","UND","29005.68",
"42.22.05","PA?ETE IMPERMEABILIZADO DE TANQUES","M2","48314.28",
"42.22.10","MEDIA CA?A DE TANQUES","ML","9462.62",
"42.21.10","IMPERMEABILIZACION MANTO ASFALTICO 3mm","M2","47079.27",
"42.21.12","IMPERMEABILIZACION MANTO ASFALTICO 3mm","M2","35318.99",
"42.21.20","IMPERMEABILIZACION MANTO ASFALTICO 4mm","M2","58576.87",
"42.21.16","IMPERMEABILIZACION MANTO ASFALTICO 3mm","M2","32790.07",
"42.21.90","PINTURA ALUMINIO BITUMINOSO","M2","7523.05",
"46.11.02","HOJA PUERTA OKUME 0.65x2m ENTAMB","UND","84135.62",
"46.11.04","HOJA PUERTA OKUME 0.7-0.75x2m ENTAMB","UND","88450.48",
"46.11.06","HOJA PUERTA OKUME 0.8-0.85x2m ENTAMB","UND","89801.55",
"46.11.08","HOJA PUERTA OKUME 0.90x2m ENTAMB","UND","92086.37",
"46.11.10","HOJA PUERTA ANDES 0.60-0.75x2m ENTAMB","UND","106231.92",
"46.11.12","HOJA PUERTA ANDES 0.80x2m ENTAMB","UND","110450.48",
"46.11.14","HOJA PUERTA ANDES 0.85-0.90x2m ENTAMB","UND","119953.87",
"46.11.16","HOJA PUERTA HIGHTOP 0.7-0.75x2.2 ENTAMB","UND","392086.37",
"46.11.18","HOJA PUERTA HIGHTOP 0.8-0.85x2.2 ENTAMB","UND","421801.55",
"46.11.20","HOJA PUERTA HIGHTOP 0.90x2.2 ENTAMB","UND","458450.48",
"46.11.22","HOJA PUERTA MILANO 0.6-0.65x2m ENTAMB","UND","196801.55",
"46.11.24","HOJA PUERTA MILANO 0.7-0.75x2m ENTAMB","UND","204086.37",
"46.11.26","HOJA PUERTA MILANO 0.9-1.0x2m ENTAMB","UND","210231.92",
"46.11.28","HOJA PUERTA MADECLASI 0.65-0.75x2m ENTAM","UND","103450.48",
"46.11.30","HOJA PUERTA MADECLASI 0.80-0.85x2m ENTAM","UND","108801.55",
"46.11.32","HOJA PUERTA MADECLASIC 0.90x2m ENTAMB","UND","111086.37",
"46.11.34","HOJA PUERTA PORTICO 0.66x2m ENTABL","UND","241079.60",
"46.11.36","HOJA PUERTA PORTICO 0.75x2m ENTABL","UND","253450.48",
"46.11.38","HOJA PUERTA PORTICO 0.90x2m ENTABL","UND","261801.55",
"46.11.40","HOJA PUERTA PINO 9VIDRIOS 0.91x2m ENTABL","UND","277086.37",
"46.11.42","HOJA PUERTA PINO 5PANELES 0.61x2m ENTABL","UND","109231.92",
"46.11.44","HOJA PUERTA PINO 5PANELES 0.71x2m ENTABL","UND","112450.48",
"46.11.46","HOJA PUERTA PINO 5PANELES 0.81x2m ENTABL","UND","114801.55",
"46.11.48","HOJA PUERTA PINO 5PANELES 0.91x2m ENTABL","UND","117086.37",
"46.11.50","PUERTA VAIVEN 0.80-0.85x2.0 ENTAMBORADA","Und","164616.73",
"46.12.03","MARCO PUERTA EN MADERA e=0.08","UND","92928.42",
"46.12.06","MARCO PUERTA EN MADERA e=0.12","UND","105928.42",
"46.12.09","MARCO PUERTA EN MADERA e=0.14","UND","117928.42",
"46.12.12","MARCO ALTO PUERTA EN MADERA e=0.10","UND","117928.42",
"46.12.15","MARCO ALTO PUERTA EN MADERA e=0.12","UND","117928.42",
"46.12.18","MARCO ALTO PUERTA EN MADERA e=0.14","UND","129928.42",
"46.23.03","VENTANA MET.BASCULANTE VERTICAL e=0.08","M2","144585.56",
"46.23.06","VENTANA MET.BASCULANTE HORIZONTAL e=0.10","M2","165625.48",
"46.23.09","VENTANA MET. HOJA DE CORRER e=0.10","M2","210625.48",
"46.23.12","VENTANA MET. VIDRIO FIJO e=0.08","M2","150625.48",
"46.23.15","VENTANERIA EN LAMINA CALIBRE 18 e=0.15","M2","177832.78",
"46.22.03","MARCO MET. DE PUERTA CALB. 20 e=0.08","UND","113703.15",
"46.22.06","MARCO MET. DE PUERTA CALB. 20 e=0.12","UND","121129.64",
"46.22.09","MARCO MET. DE PUERTA CALB. 20 e=0.15","UND","127862.85",
"46.22.12","MARCO MET. DE PUERTA CALB. 23 e=0.08","UND","98703.15",
"46.22.15","MARCO MET. DE PUERTA CALB. 23 e=0.12","UND","106862.85",
"46.22.18","MARCO MET. DE PUERTA CALB. 23 e=0.15","UND","106516.21",
"46.21.03","PUERTA LAM.DOBLADA CALB. 23 2x1 e=0.10","UND","301542.27",
"46.21.06","PUERTA LAM.DOBLADA CALB. 20 2x1 e=0.10","UND","344615.78",
"46.21.09","PUERTA LAM.DOBLADA CALB. 23 .7x1.9 e=.09","UND","255148.99",
"46.21.12","PUERTA LAMINA DOBLADA CALB. 18 e=0.12","M2","376642.95",
"46.21.15","PUERTA LAMINA DOBLADA CALB. 18 e=0.15","M2","416642.95",
"46.21.18","PORTON LAMINA DOBLADA CAL 20 e=0.10","M2","185000.00",
"46.21.21","DIVISION MET. ENTAMBORADA 1 1/2" CAL. 18","M2","360000.00",
"46.21.24","CORTINA MET. ENROLLABLE CAL.23","M2","273000.00",
"46.23.18","REJA TUBO CUADRADO 1" VERTICAL C. 0.12","M2","150000.00",
"46.23.21","CONTRAREJA DE SEGURIDAD 2*1","UND","380000.00",
"46.30.03","VENTANA AL.NAT. CORREDIZA 5020 V.4mm","M2","150800.00",
"46.30.06","VENTANA AL.NAT. PROYECTANTE FIJA V.4mm","M2","127600.00",
"46.30.09","VENTANA AL.NAT. PROYECTANTE 3831 V.4mm","M2","150800.00",
"46.40.03","VIDRIO 4 MM","M2","25874.28",
"46.40.06","VIDRIO 5 MM","M2","31124.28",
"46.40.09","VIDRIO 6 MM","M2","41624.28",
"46.40.12","ESPEJOS DE 4mm","M2","68400.61",
"46.50.03","CERRADURA ALUM/SAT/DOR. BA?O","UND","30296.95",
"46.50.06","CERRADURA ALUM/SAT/DOR. ALCOBA","UND","30296.95",
"46.50.09","CERRADURA ALUM/SAT/DOR. CLOSET","UND","87601.75",
"46.50.12","CERRADURA ALM/SAT/DO. ENTRDA APARTAMENTO","UND","64407.25",
"46.50.15","CERRADURA ALUM/SAT/DOR. ENTRADA OFICINA","UND","46256.95",
"46.50.18","CERRADURA ALUM/SAT/DOR. OFICINA INTERIOR","UND","46256.95",
"46.50.21","CERRADURA MADERA BA?O","UND","35966.95",
"46.50.24","CERRADURA MADERA ALCOBA","UND","37016.95",
"46.50.27","CERRADURA MADERA ENTRADA","UND","44366.95",
"46.50.30","CERRADURA DE ENTRADA PRINCIPAL","UND","186045.12",
"46.13.03","CLOSET CORRIENTE DE 1.50x2.00","UND","1051623.00",
"46.13.06","CLOSET CORRIENTE DE 1.70x2.00","UND","1191839.40",
"46.13.09","CLOSET CORRIENTE DE 1.90x2.00","UND","1261947.60",
"46.13.12","CLOSET CORRIENTE DE 2.10x2.00","UND","1472272.20",
"45.11.03","PA?ETE LISO MUROS 1:5","M2","14596.02",
"45.11.06","PA?ETE LISO MUROS 1:6","M2","15834.75",
"45.21.03","PA?ETE RUSTICO MURO 1:5","M2","17835.87",
"45.11.09","PA?ETE LISO PLACAS 1:5","M2","17714.07",
"45.11.12","PA?ETE LISO PLACAS 1:6","M2","17783.67",
"45.21.06","PA?ETE FACHADAS  1:4","M2","17835.87",
"45.21.09","PA?ETE FACHADAS  1:5","M2","17835.87",
"45.11.15","FILOS Y DILATACIONES (INTERIORES)","ML","5573.06",
"45.21.12","FILOS Y DILATACIONES (EXTERIORES)","ML","5868.86",
"45.21.15","MARA?ON","M2","13107.24",
"45.12.03","CERAMICA PORCELANIZADA AMALFI 20x25","M2","43643.33",
"45.12.06","CERAMICA PORCELANIZADA IMOLA 20x25","M2","42262.58",
"45.12.09","CERAMICA PORCELANIZADA VERONA 25x35","M2","43643.33",
"45.12.12","CERAMICA PORCELANIZADA BALTICO 25x35","M2","46674.68",
"45.12.15","CERAMICA PORCENALIZADA EGEO 30.3x30.3","M2","43065.83",
"45.12.18","CERAMICA PORCELANIZADA EGEO 20.5x20.5","M2","42454.73",
"45.12.21","CERAMICA PORCELANIZADA ARTICA 30x45","M2","55949.33",
"45.12.24","CERAMICA PORCELANIZADA LUMIK 25x36.5","M2","50136.53",
"45.12.27","CERAMICA PORCELANIZADA LAZIO 30x60","M2","101781.83",
"45.12.30","CERAMICA PORCELANIZADA FORLI 25x35","M2","53680.28",
"45.12.33","CERAMICA PORCELANIZADA AMPEZZO 20.5x30.5","M2","49398.38",
"45.22.03","ENCHAPE TABLETA VTF.-COL. 25x25","M2","35265.88",
"45.22.09","ENCHAPE TABLETA SEMIBRILLANTE 25x25","M2","37680.88",
"45.22.12","ENCHAPE TABLETA VERSALLES 25x7","M2","46455.73",
"45.22.15","ENCHAPE SPACATO DE MARMOL BEIGS HUILA","M2","152987.66",
"45.22.18","ENCHAPE SPACATO DE MARMOL GRIS","M2","147737.66",
"45.22.21","ENCHAPE SPACATO DE MARMOL NEGRO","M2","142487.66",
"45.13.03","ESTUCO","M2","9281.47",
"45.13.06","PINTURA VINILO SOBRE ESTUCO (Viniltex)","M2","7953.51",
"45.13.09","PINTURA VINILO SOBRE ESTUCO(Intervinilo)","M2","6653.51",
"45.13.12","PINTURA VINILO SOBRE ESTUCO (Pinturama)","M2","5548.51",
"45.13.15","PINTURA EN CASEINA","M2","6552.89",
"45.13.18","PINTURA GRIS BASALTO","M2","6660.30",
"45.13.21","PINTURA GRIS BASALTO COLUMNAS Y VIGAS","ML","4126.69",
"45.13.24","ESTUCO Y PINTURA EN VINILO (Viniltex)","M2","17234.98",
"45.13.27","ESTUCO Y PINTURA EN VINILO (Intervinilo)","M2","15934.98",
"46.60.09","ESMALTE PUERTAS METALICAS (Pintulux)","M2","14471.81",
"46.60.12","ESMALTE PUERTAS METALICAS (Domestico)","M2","14235.81",
"46.60.15","ESMALTE MARCOS PUERTAS (Pintulux)","M2","15848.29",
"46.60.18","ESMALTE MARCOS PUERTAS (Domestico)","M2","15497.59",
"46.60.21","ESMALTE MARCOS VENTANAS (Pintulux)","M2","16780.19",
"46.60.24","ESMALTE MARCOS VENTANAS (Domestico)","M2","16591.39",
"46.60.27","ESMALTE MALLA CERRAMIENTO","M2","20506.58",
"46.60.03","LACA PUERTAS EN MADERAS (Brillante)","M2","20341.82",
"46.60.06","LACA PUERTAS EN MADERAS (Mate)","M2","18981.02",
"45.23.03","GRANIPLAST","M2","10500.00",
"45.23.06","SICOPLAST","M2","14700.00",
"45.23.09","MARMOPLAST","M2","14700.00",
"45.13.30","ESTUCO VENECIANO","M2","36750.00",
"43.00.03","CIELORASOS DURACUSTIC","M2","55650.00",
"43.00.06","CIELORASOS LUXACELL ACERO 5x5","M2","326794.65",
"43.00.09","CIELORASOS LUXACELL ACERO 10x10","M2","199206.00",
"43.00.12","CIELORASOS LUXACELL ACERO 20x20","M2","101026.80",
"43.00.15","CIELORASOS LUXACELL ACERO 15x15","M2","140236.95",
"43.00.18","CIELORASOS LUXALON ACERO 98Z 12mm","M2","115732.05",
"43.00.21","CIELORASOS LUXALON ACERO 98Z 6MM","M2","106885.80",
"43.00.24","CIELORASOS LUXALON ACERO 84R","M2","153988.80",
"43.00.27","CIELORASOS LUXALON ACERO 98Z 180B","M2","154310.10",
"43.00.30","CIELO RASO ESTRUCT.MADERA LAM.ACRILICA","M2","63000.00",
"43.00.33","CIELORASOS YESO PLANO","M2","51156.00",
"43.00.60","CENEFA EN YESO UNIOR PARED-PLACA","ML","27300.00",
"43.00.70","MOLDURA EN YESO INCLINADA PARA LUZ INDIR","ML","47250.00",
"43.00.80","ARCO YESO ENCAJADO 2 COL. LUZ ALOGENA","ML","378000.00",
"32.41.03","PAPELERA ESPACIO","UND","29744.52",
"32.41.06","JABONERA DUCHA ESPACIO","UND","39968.37",
"32.41.09","JABONERA LAVAMANOS ESPACIO","UND","38564.52",
"32.41.12","TOALLERO DE BARRA ESPACIO","UND","43369.32",
"32.41.15","TOALLERO CERAMICO ESPACIO","UND","34119.87",
"32.41.18","GANCHO DOBLE ELITE","UND","29004.27",
"32.41.21","INCRUSTACIONES ELITE (TOALLERO CERAMICO)","Kit","158300.88",
"32.41.24","PAPELERA BLANCA","UND","29878.92",
"32.41.27","JABONERA DUCHA BLANCA","UND","29878.92",
"32.41.30","JABONERA LAVAMANOS BLANCA","UND","28816.32",
"32.41.33","CEPILLERA BLANCA","UND","28816.32",
"32.41.36","TOALLERA BLANCA","UND","32004.12",
"32.41.39","GANCHO BLANCO","UND","27753.72",
"32.41.42","INCRUSTACIONES ASTRO BLANCO","Kit","143260.82",
"32.41.45","BORDILLO POCETA DUCHA","ML","59731.80",
"32.41.48","ESQUINEROS ENCHAPE ALUMINIO","ML","0.00",
"32.41.51","ESQUINEROS ENCHAPE CERAMICOS","ML","16944.54",
"45.24.03","FACHADA LOCAL ALUMINIO","M2","189000.00",
"45.24.06","FACHADA CASA ALUMINIO CUADRICULA PESADA","M2","577500.00",
"44.10.03","ANTEPISO e=0.05","M2","31946.85",
"44.10.06","ANTEPISO e=0.07","M2","37797.87",
"44.10.30","ANTEPISO CON MALLA ELECTROSOLDADA e=0.05","M2","35110.73",
"44.10.60","ALISTADO PISO e=0.04","M2","37894.65",
"44.10.69","ALISTADO TERRAZAS e=0.08","M2","48948.09",
"44.11.03","PLACA SOBRE PISO e=0.10","M3","501257.77",
"44.21.03","PISO EN TABLON DE GRES VITRIFICADO 20x20","M2","44001.03",
"44.21.06","PISO EN TABLON DE GRES VITRIFICADO 30x15","M2","46311.03",
"44.21.09","PISO EN TABLON DE GRES VITRIFICADO 33x33","M2","44001.03",
"44.21.12","GUARDAESCOBA EN TABLETA DE GRES","ML","8501.58",
"44.21.15","PISO EN TABLON DE GRES VITRIFICADO 7x25","M2","45878.53",
"44.21.18","PISO CERAMICA ADRIANA 30.3x30.3","M2","45094.43",
"44.21.21","PISO CERAMICA PIZARRA 45.5x45.5","M2","60064.28",
"44.21.24","PISO CERAMICA QUIMBAYA 33.8x33.8","M2","50182.58",
"44.21.27","PISO CERAMICA COMERCIAL 30x30","M2","47402.18",
"44.21.30","PISO CERAMICA PULPIS 41.6x41.6","M2","50088.08",
"44.21.33","PISO CERAMICA VERONA 31.5x31.5","M2","42759.08",
"44.21.36","PISO CERAMICA AGHATA 44x44CM","M2","38342.67",
"44.21.39","PISO CERAMICA PARKET 31.5x31.5","M2","40889.03",
"44.21.42","PISO CERAMICA MARMOL 44x44","M2","43099.28",
"44.21.45","PISO CERAMICA FORLI 44x44","M2","40282.13",
"44.22.03","PISO EN BALDOSIN DE CEMENTO 15x30","M2","50138.61",
"42.10.03","TEJA ONDULA ETERNIT No,4 1.2x0.9","M2","36698.27",
"42.10.06","TEJA ONDULA ETERNIT No.6 1.8x0.9","M2","36916.54",
"42.10.09","TEJA ONDULA ETERNIT No.8 2.4x0.9","M2","38075.45",
"42.10.12","CABALLETE FIJO ETERNIT","ML","55285.81",
"42.10.15","CUBIERTA EN TEJA TERMOACUSTICA","M2","74818.33",
"42.10.18","TEJA DE ARCILLA PEQUE?A","M2","31809.72",
"42.10.21","TEJA DE ARCILLA GRANDE","M2","32109.72",
"36.20.05","ESTUFA GAS 4P. ENCENDIDO ELECTRONICO","UND","382815.86",
"36.20.10","ESTUFA MIXTA CHALLENGER 4 PUESTOS","UND","681631.71",
"51.11.02","TUBERIA PVC UM RDE 21 D=2"","ML","25306.68",
"51.11.04","TUBERIA PVC UM RDE 21 D=2 1/2"","ML","31175.74",
"51.11.06","TUBERIA PVC UM RDE 21 D=3"","ML","40714.10",
"51.11.08","TUBERIA PVC UM RDE 21 D=4"","ML","59473.93",
"51.11.10","TUBERIA PVC UM RDE 21 D=5"","ML","104005.75",
"51.11.12","TUBERIA PVC UM RDE 21 D=6"","ML","104005.75",
"51.11.14","TUBERIA PVC UM RDE 21 D=8"","ML","265288.15",
"51.11.16","TUBERIA PVC UM RDE 21 D=10"","ML","240210.02",
"51.11.18","TUBERIA PVC UM RDE 26 D=2"","ML","24005.73",
"51.11.20","TUBERIA PVC UM RDE 26 D=2 1/2"","ML","28659.94",
"51.11.22","TUBERIA PVC UM RDE 26 D=3"","ML","36936.20",
"51.11.24","TUBERIA PVC UM RDE 26 D=4"","ML","53271.58",
"51.11.26","TUBERIA PVC UM RDE 21 D=5"","ML","104005.75",
"51.11.28","TUBERIA PVC UM RDE 26 D=6"","ML","88884.86",
"51.11.30","TUBERIA PVC UM RDE 26 D=8"","ML","147721.45",
"51.11.32","TUBERIA PVC UM RDE 26 D=10"","ML","199394.42",
"51.11.34","TUBERIA PVC UM RDE 32.5 D=6"","ML","76517.96",
"51.21.03","TUBERIA DE GRESS D=8"","ML","67309.08",
"51.21.06","TUBERIA DE GRESS D=10"","ML","71019.74",
"51.21.09","TUBERIA DE GRESS D=12"","ML","103861.08",
"51.21.12","TUBERIA DE CONCRETO D=14"","ML","145208.14",
"51.21.15","TUBERIA DE CONCRETO D=18"","ML","172294.53",
"51.21.18","TUBERIA DE CONCRETO D=20"","ML","186432.75",
"51.21.21","TUBERIA DE CONCRETO D=24"","ML","242285.07",
"51.21.24","TUBERIA DE CONCRETO D=28"","ML","345710.05",
"51.21.27","TUBERIA DE CONCRETO D=30"","ML","391362.94",
"51.21.30","TUBERIA DE CONCRETO D=32"","ML","403057.18",
"51.21.33","TUBERIA DE CONCRETO D=36"","ML","502475.29",
"51.21.36","TUBERIA DE CONCRETO D=40"","ML","599308.40",
"51.12.03","TUBERIA PVC NOVAFORT D=110mm","ML","27457.13",
"51.12.06","TUBERIA PVC NOVAFORT D=160mm","ML","48430.57",
"51.12.09","TUBERIA PVC NOVAFORT D=200mm","ML","82960.20",
"51.12.12","TUBERIA PVC NOVAFORT D=250mm","ML","124202.87",
"51.12.18","TUBERIA PVC NOVAFORT D=400mm","ML","298689.00",
"51.12.21","TUBERIA PVC NOVAFORT D=450mm","ML","364529.77",
"51.12.24","TUBERIA PVC NOVAFORT D=500mm","ML","460631.23",
"51.12.27","TUBERIA PVC NOVALOC D=24"","ML","160082.83",
"51.12.30","TUBERIA PVC NOVALOC D=27"","ML","181256.78",
"51.12.33","TUBERIA PVC NOVALOC D=30"","ML","238962.36",
"51.12.36","TUBERIA PVC NOVALOC D=33"","ML","199916.18",
"51.12.39","TUBERIA PVC NOVALOC D=36"","ML","262329.37",
"51.12.42","TUBERIA PVC NOVALOC D=39"","ML","348853.26",
"51.12.45","TUBERIA PVC NOVALOC D=42"","ML","405546.07",
"51.30.03","CILINDRO PARA POZO DE INSPECCION","ML","516293.52",
"51.30.06","POZO DE INSPECCION h=1.40 Mts","UND","1571614.55",
"51.30.09","POZO DE INSPECCION h=1.80 Mts","UND","1374508.42",
"51.30.12","POZO DE INSPECCION h=2.40 Mts","UND","1633047.78",
"51.30.15","POZO DE INSPECCION h=2.90 Mts","UND","1904778.07",
"51.30.18","POZO DE INSPECCION h=3.40 Mts","UND","2073985.10",
"51.30.21","CAMARA DE CAIDA h=4.90-2.00 Mts","UND","3657625.35",
"53.00.03","POSTE DE CONCRETO 8 mts DE 750 KG","UND","415458.39",
"53.00.06","POSTE DE CONCRETO 12mts DE 750KG","UND","902130.01",
"53.00.09","POSTE DE CONCRETO 12mts DE 510KG","UND","414930.01",
"53.00.12","ESTRUCTURA DE RETENCION SENCILLA-550M","UND","610751.01",
"53.00.15","ESTRUCTURA DE RETENCION DOBLE-560M","UND","910170.01",
"53.00.18","ESTRUCTURA DE PASO 511M","UND","440342.39",
"53.00.21","ESTRUCTURA DE BAJA TENSION CON PERCHA","UND","91017.19",
"53.00.24","TEMPLETE DIRECTO A TIERRA MEDIA TENSION","UND","131877.19",
"53.00.27","TEMPLETE DIRECTO A TIERRA BAJA TENSION","UND","109860.04",
"53.00.30","RED AEREA 4No 4/0+1No.4ACSR BAJA TENSION","ML","30517.92",
"53.00.33","RED AEREA 4No.2/0+1No.4ACSR BAJA TENSION","ML","17441.33",
"53.00.36","RED AEREA 4No.1/0+1No.4ACSR BAJA TENSION","ML","17160.37",
"53.00.39","RED AEREA 4No.2/0+1No.4ACSR BAJA TENSION","ML","10178.74",
"53.00.42","RED AEREA 3No.2 CSR MEDIA TENSION","ML","7243.74",
"53.00.45","SEPARADOR DE LINEA 5 PUESTOS","UND","141205.29",
"53.00.48","CRUCETA METALICA DE PROTECCION","UND","1324673.29",
"53.00.51","LUMINARIA DE 70 VATIOS-SODIO 220V","UND","368438.36",
"53.00.54","CONTROL FOTOELECTRICO ALUMBRADO PUBLICO","UND","681082.79",
"53.10.03","CAMARETA METALICA PARA SUB-ESTACION","UND","892956.69",
"53.10.06","SISTEMA DE TIERRA PARA SUB-ESTACION","UND","560708.91",
"53.10.09","POSTE CONCRETO PARA CAMARETA DE SUB-EST","UND","588930.01",
"53.10.12","SUB-ESTACION AEREA DE 45 KVA TRIFASICO","UND","7859630.70",
"53.10.15","SUB-ESTACION AEREA DE 75 KVA TRIFASICO","UND","9794726.08",
"55.50.03","GEOTEXTIL PARA FILTROS","M2","3436.08",
"55.50.06","MATERIAL FILTRANTE COLOCADO","M3","80598.74",
"55.50.09","FILTROS CON GEOTEXTIL","M3","93211.25",
"55.50.12","CONCRETO CICLOPEO DISIPADOR DE ENERGIA","M3","395017.14",
"55.50.15","CONCRETO CICLOPEO PARA BASES","M3","352857.03",
"55.50.18","CONCRETO CICLOPEO PARA ELEVACIONES","M3","455738.52",
"55.50.21","CONCRETO PARA POCETAS/CABEZOTES/ALETAS","M3","694464.24",
"55.50.24","POCETAS DE ENTRADA A ALCANTARILLAS D=24"","UND","1474900.56",
"55.50.27","POCETAS DE ENTRADA A ALCANTARILLAS D=30"","UND","1674609.11",
"55.50.30","POCETAS DE ENTRADA A ALCANTARILLAS D=36"","UND","1967281.78",
"55.50.33","CABEZOTES RECTOS DE ALCANTARILLAS D=24"","UND","1256569.35",
"55.50.36","CABEZOTES RECTOS DE ALCANTARILLAS D=30"","UND","1550525.98",
"55.50.39","CABEZOTES RECTOS DE ALCANTARILLAS D=36"","UND","1672668.01",
"55.50.42","CABEZOTE CON ALETAS-ALCANTARILLAS D=24"","UND","1761234.48",
"55.50.45","CABEZOTE CON ALETAS-ALCANTARILLAS D=30"","UND","3849698.40",
"55.50.48","CABEZOTE CON ALETAS-ALCANTARILLAS D=36"","UND","4972616.98",
"55.50.51","ALCANTARILLA CON CABEZOTE RECT.L=6 D=24"","UND","2924329.00",
"55.50.54","ALCANTARILLA CON CABEZOTE RECT.L=6 D=30"","UND","2748343.00",
"55.50.57","TABLERO PONTONES","M3","1425219.18",
"55.50.60","CONCRETO REFORZADO ALETAS","M3","938080.57",
"55.50.63","CONCRETO PARA BOX-CULBERT","M3","729303.53",
"55.50.66","CONCRETO REFORZADO BOX-CULBERT","UND","1038812.09",
"55.50.69","CONCRETO PARA TABLERO PONTONES","M3","1387044.73",
"55.50.72","CONCRETO REFORZADO TABLERO PONTONES","M3","1980761.05",
"12.50.03","SUB BASE GRANULAR","M3","48441.59",
"12.50.06","SUB-BASE GRANULAR e=0.15","M2","6112.32",
"12.50.09","SUB-BASE GRANULAR e=0.20","M2","7964.46",
"12.50.12","SUB-BASE GRANULAR e=0.25","M2","10094.54",
"12.50.15","SUB-BASE GRANULAR e=0.30","M2","12199.13",
"12.50.18","SUB-BASE GRANULAR e=0.35","M2","14076.78",
"12.50.21","SUB BASE GRANULAR PARA BACHEO","M3","87008.43",
"12.50.24","AFIRMADO EN RECEBO","M3","43837.85",
"12.50.27","BASE GRANULAR","M3","58142.27",
"12.50.30","BASE GRANULAR e=0.10","M2","6006.90",
"12.50.33","BASE GRANULAR e=0.15","M2","9317.61",
"12.50.36","BASE GRANULAR e=0.20","M2","12375.89",
"12.50.39","BASE GRANULAR PARA BACHEO","M3","91258.65",
"12.50.42","BASE GRANULAR EN GRAVA TRITURADA","M3","47995.98",
"12.50.45","BASE ESTABILIZADA","M3","121498.00",
"12.50.48","BASE EN GRAVA ESTABILIZADA","M3","60421.73",
"55.20.03","IMPRIMACION-LECHADA (EMULSION)","M2","1018.01",
"55.20.06","MEZCLA DENSA EN CALIENTE PARA BACHEO","M3","409755.60",
"55.20.09","MEZCLA DENSA EN CALIENTE PARA CARPETA","M3","414371.73",
"55.20.12","CAPA DE RODADURA ASFALTICA e=0.05","M2","21475.35",
"55.20.15","CAPA DE RODADURA e=0.05 SOBRE CONCRETO","M2","23995.35",
"55.20.18","CAPA DE RODADURA ASFALTICA e=0.075","M2","32725.47",
"55.20.21","PAVIMENTO EN CONCRETO e=0.15","M2","85035.36",
"55.20.24","PAVIMENTO EN CONCRETO e=0.16","M2","89149.09",
"55.20.27","PAVIMENTO EN CONCRETO e=0.17","M2","94648.58",
"55.20.30","PAVIMENTO EN CONCRETO e=0.18","M2","99975.86",
"55.20.33","ACERO DE TRANSFERENCIA D=1/2"","KG","3612.79",
"55.21.03","SARDINEL EN CONCRETO h=0.40 M","ML","25502.14",
"55.21.06","CONCRETO ANDENES 0.10","M2","47226.87",
"55.21.09","ANDEN EN COMPOSICION (BORDE LADRILLO)","M2","50918.97",
"55.21.12","ANDEN EN COMPOSICION (BORDE LADRILLO)","M2","54649.93",
"55.21.15","ANDEN EN COMPOSICION (BORDE LADRILLO)","M2","62143.55",
"56.10.03","ASEO GENERAL VIVIENDAS","M2","1497.31",
"56.20.03","LIMPIEZA DE MURO EN LADRILLO A LA VISTA","M2","15177.55",
"56.20.06","PROTECCION MUROS EN LADRILLO A LA VISTA","M2","14523.98",
"56.20.09","LIMPIEZA DE MUROS EN CONCRETO","M2","15773.20",
"56.20.12","PROTECCION DE MUROS EN CONCRETO","M2","18217.38",
"56.30.03","RESTAURACION DE PISOS EN TABLETA DE GRES","M2","15402.51",
"56.30.06","PROTECCION DE PISOS EN TABLETADE GRES","M2","12148.02",
"56.30.09","RESTAURACION DE PISOS EN CONCRETO","M2","15402.51",
"56.30.12","PROTECCION DE PISOS EN CONCRETO","M2","15496.04",
"21.60.51","CONCRETO TANQUE ENTERRADO","M3","1018537.48",
"21.60.57","CONCRETO TANQUE ELEVADO","M3","1177867.32",
"21.60.63","CONCRETO TANQUE CILINDRICO ELEVADO","M3","1283968.38",
"22.34.86","PLACA VIGUETA PLAQUETA H=0.25","M2","50342.59",
"22.34.88","PLACA VIGUETA PLAQUETA H=0.30","M2","52606.05",
"22.34.90","PLACA VIGUETA PLAQUETA H=0.35","M2","54151.42",
"22.34.92","PLACA VIGUETA PLAQUETA H=0.40","M2","55798.72",
"22.34.94","SISTEMA PLACA CANALETA e=0.20","M2","52638.03",
"22.34.96","GRADER?A VIGUETA T","ML","74362.28",
"22.22.03","VIGA S/MURO ENTREPISO PREFABRICADO h=20","ML","41220.23",
"22.22.06","VIGA S/MURO ENTREPISO PREFABRICADO h=25","ML","45574.97",
"22.22.09","VIGA S/MURO ENTREPISO PREFABRICADO h=30","ML","50046.32",
"22.22.12","VIGA S/MURO ENTREPISO PREFABRICADO h=35","ML","55523.66",
"22.22.15","VIGA S/MURO ENTREPISO PREFABRICADO h=40","ML","62003.22",
"22.35.03","DINTEL PREFABRICADO 10x12","ML","17716.09",
"22.35.06","DINTEL PREFABRICADO 12x12","ML","19057.34",
"45.14.03","COLUMNA YESO EN FALSO","UND","168000.00",
"45.14.06","APLIQUE YESO PARA LAMPARAS Y ROSETONES","UND","157500.00",
"45.14.09","APLIQUE YESO PARA LAMPARAS Y ROSETONES","UND","63000.00",
"22.11.51","COLUMNA DE 0.20x0.20 SIN REFUERZO","ML","39255.37",
"46.11.53","PUERTA DUCTO DE BASURAS","ML","291301.04",
"23.19.01","ESTRUCT. MET. < NACIONALES.  SIN MONTAJE","KG","13846.00",
"23.19.02","EST.MET. PERFILIS ESPECIAL.S SIN MONTAJE","KG","16380.00",
"23.11.03","VIGA CELOSIA 2<1"x1/8 DgD3/8","ML","20498.47",
"23.11.09","VIGA CELOSIA 2<1 1/2x1/8 DyV<3/4","ML","26851.59",
"23.11.15","VIGA CELOSIA 2<1-1/2x1/8 DyVD3/8","ML","26709.24",
"23.11.21","VIGA METALICA 4<1"x1/8 - DyV2<3/4","ML","52539.27",
"23.11.24","VIGA CELOSIA 4<1 1/2x1/8 DyV2<3/4","ML","69068.61",
"23.11.42","VIGA 24m 4<3"x3/8-4<11/2 H=1.30","UND","6672405.64",
"23.11.60","VIGA EN ARCO 4<1 1/2x3/16-2<3/4-2<3/4","ML","113504.07",
"23.11.72","VIGA CERCHA VOLADIZO 6.8x(0.75-0.35)x0.3","UND","1265738.30",
"24.10.03","ESTRUCTURA CUBIERTA S=0.35 PAVITO 4x9","M2","71772.26",
"24.10.06","ESTRUCTURA CUBIERTA S=0.35 PERILLO 4x9","M2","74922.26",
"24.10.09","ESTRUCTURA CUBIERTA S=0.35 PARDILLO 4x9","M2","73872.26",
"24.10.12","ESTRUCTURA CUBIERTA S=0.40 PAVITO 4x9","M2","69505.56",
"24.10.15","ESTRUCTURA CUBIERTA S=0.40 PERILLO 4x9","M2","72655.56",
"24.10.18","ESTRUCTURA CUBIERTA S=0.40 PARDILLO 4x9","M2","71605.56",
"24.10.21","ESTRUCTURA CUBIERTA S=0.35 PAVITO 4x14","M2","85205.26",
"24.10.24","ESTRUCTURA CUBIERTA S=0.35 PERILLO 4x14","M2","86255.26",
"24.10.27","ESTRUCTURA CUBIERTA S=0.35 PARDILLO 4x14","M2","86255.26",
"41.10.03","MURO LADRILLO DE OBRA e=0.12","M2","60008.57",
"41.10.06","MURO LADRILLO DE OBRA e=0.25","M2","82412.88",
"25.10.05","MURO BLOQUE CEMENTO ESTRUCTURAL e=0.10","M2","38086.02",
"25.10.10","MURO BLOQUE CEMENTO ESTRUCTURAL e=0.15","M2","43806.02",
"25.10.15","MURO BLOQUE CEMENTO ESTRUCTURAL e=0.20","M2","43806.02",
"41.10.21","MURO A LA VISTA UNA CARA e=0.12 ROSADO","M2","66591.15",
"41.10.24","MURO A LA VISTA 1 CARA e=0.12 VITRIF.","M2","60327.15",
"41.10.27","MURO A LA VISTA 2 CARAS e=0.12 ROSADO","M2","74786.93",
"41.10.30","MURO A LA VISTA 2 CARAS e=0.12 VITRIF.","M2","68140.13",
"41.10.51","MURO EN BLOQUE No.5 ROSADO b=0.10","M2","24704.05",
"41.10.54","MURO EN BLOQUE No.5 ROSADO b=0.20","M2","50365.15",
"41.10.72","MURO EN BLOQUE No.8 1 CARA VISTA b=0.12","M2","53736.03",
"41.10.75","MURO EN BLOQUE No.8 2 CARAS VISTA b=0.12","M2","55020.21",
"41.11.05","MURO EN BLOQUE DE CEMENTO e=0.09 MTS","M2","38431.56",
"41.11.10","MURO EN BLOQUE DE CEMENTO e=0.12 MTS","M2","35937.81",
"41.11.15","MURO EN BLOQUE DE CEMENTO e=0.15 MTS","M2","48896.67",
"41.11.20","MURO EN BLOQUE DE CEMENTO e=0.20MTS","M2","58687.95",
"41.21.03","ALFAGIAS b=0.20","ML","9756.67",
"41.21.06","ALFAGIAS b=0.30","ML","10962.54",
"41.21.09","ALFAGIAS b=0.60","ML","14689.80",
"41.21.12","REMATE DE MUROS b=0.25","ML","10304.79",
"41.21.15","REMATE DE MUROS b=0.35","ML","11688.97",
"41.21.51","CAJA PARA MEDIDOR DE AGUA CON TAPA","UND","58269.99",
"41.20.21","PANEL DE CIERRE CON MARCO","M2","35811.95",
"41.20.03","PANEL DE CIERRE LISO (PREFB.0.5x0.6x1.5)","M2","42476.79",
"41.20.06","PANEL DE CIERRE LISO (PREFB.0.5x0.6x2.8)","M2","58954.30",
"41.20.09","PANEL DE CIERRE LISO (PREFB.0.7x0.6x1.5)","M2","43301.93",
"41.20.12","PANEL DE CIERRE LISO (PREFB.0.7x0.6x2.8)","M2","45025.83",
"41.20.15","PANEL DE CIERRE PREENCHAPADO 0.5x0.6x1.5","M2","43301.93",
"41.20.18","PANEL DE CIERRE PREENCHAPADO 0.5x0.6x2.8","M2","45025.83",
"45.25.03","PREFAB. DE ENCHAPE-ACANALADO.07x.55x.110","M2","30902.04",
"45.25.06","PREFAB. DE ENCHAPE-ACANALADO.07x.55x.70","M2","32963.25",
"45.25.09","PREFAB. DE ENCHAPE-ACANALADO.07x.55x.55","M2","38796.67",
"45.05.12","PREFAB. DE ENCHAPE-ABUZARDO .07x.40x150","M2","30902.04",
"41.21.18","PERGOLAS 0.05x0.15","ML","10962.54",
"41.21.21","PERGOLAS 0.05x0.20","ML","11688.97",
"41.21.33","GOTEROS","ML","7109.98",
"41.21.24","GARGOLAS 0.20x0.25x0.30","UND","11688.97",
"41.22.05","MESON EN CONCRETO","M2","118576.50",
"55.30.33","PREFABRICADOS DE ACCESO SOBRE CUNETAS","UND","366559.04",
"55.02.30","BASE PARA CUNETAS e=0.10","ML","29274.10",
"55.02.33","CUNETA E=0.10 h=0.30","M3","150329.53",
"55.30.05","GAVIONES e=1.0 h=1.0","M3","117736.96",
"55.22.06","PERFILADO-RECONFORMACION /CUNETEO","KM","1666516.80",
"55.22.03","PERFILADO-RECONFORMACION DE BANCA","KM","3361896.80",
"55.22.12","BACHEO CARRETERAS EN AFIRMADO-CON RECEBO","M3","58057.22",
"22.20.34","VIGA EN ARCO SALIENTE ARRIBA b=0.30","M3","843639.09",
"51.12.15","TUBERIA PVC NOVAFORT D=315mm","ML","135357.05",
"34.20.03","SALIDAS VOZ Y DATOS SOBRE CANALETA","UND","88054.73",
"34.20.06","SALIDA SENCILLA DATOS SOBRE CANALETA","UND","78835.73",
"34.20.09","SALIDA VOZ Y DATOS EN MURO","UND","100559.42",
"34.20.12","SALIDA SENCILLA DATOS EN MURO","UND","91340.42",
"34.20.15","CANALETA PLASTICA 100 X 45","M","32077.35",
"34.20.18","CABLE UTP CAT6 TENDIDO","M","12503.94",
"34.20.21","PATCH CORD 2 M","M","29782.90",
"34.20.24","LINE CORD 2 M","M","24375.40",
"34.20.27","GABINETE RACK CERRADO 1.20 M","UND","2073608.54",
"34.20.30","PATCH PANEL 48 PUERTOS CAT 6","UND","857300.33",
"34.20.33","PATCH PANEL 24 PUERTOS CAT 6","UND","580425.08",
"34.20.36","SWITCH 48 PUERTOS CAPA 3 ADMIN 4500","UND","5784787.11",
"34.20.39","SWITCH 24 PUERTOS CAPA 3 ADMIN 4500","UND","3130796.37",
"34.20.42","ACCESS POINT","UND","1205067.56",
"34.20.45","TELEFONO IP SIP","UND","339867.56",
"34.20.48","ROUTER VOIP 8 LINEAS CONVENCIONALES","UND","5198351.37",
"55.10.03","CONFORMACION DE CALZADA EXISTENTE","M2","1648.41",
"55.10.06","AFIRMADO EN MATERIAL DE LA ZONA","M3","13554.92",
"55.10.09","SUBBASE GRANULAR DE CBR>=40%","M3","56343.91",
"55.10.12","BASE GRANULAR","M3","70266.91",
"12.20.01","CERRAMIENTO EN TELA VERDE","ML","13658.32",
"55.30.08","BARANDA METALICA","ML","325879.14",
"21.50.03","PILOTES PREEXCAVADOS DE 1.3 X 1.0","ML","1667837.55",
"55.30.11","DEFENSA METALICA","ML","132521.86",
"56.40.01","REMOCION DE ESPECIES VEGETALES","Und","101052.24",
"12.30.69","REMOCION DE ALCANTARILLAS D=1.5M","ML","29241.08",
"12.30.72","REMOCION Y REUBICACION CERCAS DE ALAMBRE","ML","3405.26",
"12.41.06","REMOCION DE DERRUMBES 1KM ACARREO LIBRE","M3","5642.78",
"55.30.14","SELLOS PARA JUNTAS DE PUENTE","ML","34431.01",
"55.30.41","SE?AL DE TRANSITO GRUPO I (60CMX60CM)","UND","237450.71",
"55.30.43","SE?AL DE TRANSITO GRUPO IV (60CMX75CM)","UND","237450.71",
"55.30.45","LINEA DE DEMARCACION","ML","1395.03",
"55.30.47","MARCA VIAL","M2","22838.28",
"55.30.48","TACHA REFLECTIVA","UND","8060.32",
"55.30.49","CAPTAFARO","UND","12264.08",
"55.10.21","TERRAPLEN (PRESTAMO LATERAL)","M3","13514.07",
"55.10.23","TERRAPLEN (PRESTAMO ENTRE 0 Y 3 KM)","M3","15984.07",
"55.10.25","TERRAPLEN (PRESTAMO ENTRE 3 Y 7 KM)","M3","19689.07",
"55.10.27","TERRAPLEN (PRESTAMO ENTRE 7 Y 11 KM)","M3","24629.07",
"56.40.09","ARBORIZACION","Und","23782.24",
"55.10.15","MATERIAL GRANULAR FILTRANTE","M3","47550.61",
"56.40.03","EMPRADIZACION CON TIERRA ORG. Y SEMILLAS","M2","10228.39",
"46.24.03","BARANDA METALICA TUBO HG 2"","ML","142809.33",
"46.24.06","BARANDA METALICA TUBO HG 3"","ML","260772.98",
"22.35.09","DINTEL EN VARILLA","ML","16980.80",
"33.41.03","ESTRUCTURA RE 200 NORMA CENS","UND","764470.33",
"33.41.06","ESTRUCTURA RE 200T NORMA CENS","UND","601040.88",
"33.41.09","ESTRUCTURA RE 300 NORMA CENS","UND","915835.79",
"33.41.12","ESTRUCTURA RE 300T NORMA CENS","UND","683379.33",
"33.41.15","ESTRUCTURA RH 214 NORMA ICEL","UND","767317.88",
"33.41.18","ESTRUCTURA RH 231 NORMA ICEL","UND","974398.88",
"33.41.21","ESTRUCTURA RH 214M NORMA ICEL","UND","663983.44",
"33.41.24","ESTRUCTURA RH 231M NORMA ICEL","UND","767317.88",
"33.41.27","ESTRUCTURA 510 NORMA ICEL","UND","456737.98",
"33.41.30","ESTRUCTURA 514 NORMA ICEL","UND","684521.98",
"33.41.33","ESTRUCTURA 550 NORMA ICEL","UND","778924.44",
"33.41.36","ESTRUCTURA 560 NORMA ICEL","UND","1011380.88",
"33.41.39","ESTRUCTURA 731 NORMA ICEL","UND","817206.52",
"33.41.42","ESTRUCTURA 730 NORMA ICEL","UND","990638.98",
"33.41.45","ESTRUCTURA 710 NORMA ICEL","UND","1011453.44",
"33.41.48","ESTRUCTURA 625 NORMA ICEL","UND","39518.45",
"33.42.06","POSTE DE CONCRETO 8M X 510 KG","UND","1677331.06",
"33.43.03","TENDIDO Y TENSADO DE RED MT2#1/0","KM","7976636.20",
"33.43.06","TENDIDO Y TENSADO DE RED MT3#1/0","KM","11711199.77",
"33.43.09","TENDIDO Y TENSADO DE RED BT2#1/0","KM","7964717.55",
"33.43.12","TENDIDO Y TENSADO DE RED BT3#2","KM","7264527.15",
"33.43.15","TENDIDO Y TENSADO DE RED BT2#2","KM","5223649.89",
"33.44.03","TEMPLETE DIRECTO A TIERRA MT NORMA CENS","UND","1303621.91",
"33.44.06","TEMPLETE DIRECTO A TIERRA BT NORMA CENS","UND","508171.07",
"33.44.09","PUESTA A TIERRA BT NORMA CENS","UND","648481.68",
"33.44.12","AMORTIGUADOR TIPO STOCKBIDGE","UND","79477.66",
"33.45.03","TRANSFORMADOR 10KVA","UND","3101009.05",
"42.20.05","Desniveles de cubierta e=0.05 promedio","M2","15421.92",
"55.30.51","TOPELLANTAS EN PARQUEADERO","UND","14486.43",
"55.50.05","GEOTEXTIL ANTIRAICES PARQUEADERO","M2","8235.99",
"44.21.48","PAVIMENTO EN ADOQUIN 10x20x4 cm","M2","83273.08",
"56.40.18","CUBIERTA VERDE EN PRADO.","M2","127725.44",
"56.40.12","CERCA VIVA CON LIMONCILLO","ML","39346.56",
"50.40.15","JARDINERA CONCRETO 40x40","ML","0.00",
"25.10.18","MURO BLOQUE ESTRC ESPA?OL M-12 COLOR","M2","38047.02",
"25.10.21","MURO BLOQUE ESTRC ESPA?OL M-12 BLANCO","M2","52698.02",
"12.30.35","DEMOLICION MANUAL PLACAS MACIZAS e=0.10","M2","59015.20",
"22.33.20","PLACA DOS DIR. H=0.30 REMOVIBLE MADERA","M2","145932.57",
"22.33.22","PLACA DOS DIR. H=0.35 REMOVIBLE MADERA","M2","154796.87",
"22.33.24","PLACA DOS DIR. H=0.40 REMOVIBLE MADERA","M2","161317.52",
"56.40.15","JARDINERA CONCRETO 40x40","ML","58303.81",
"25.10.24","Resanes de regatas","ML","8638.74",
"60.01.01","Pintura epoxica","M2","28321.31",
"60.01.03","ESTUCO Y PINTURA EPOXICA","M2","25104.84",
"60.01.04","PA?ETE LISO MUROS 1:3","M2","12058.80",
"12.30.61","DEMOLICION DE PAV. ASFALTICO e=>7cm","M2","12746.07",
"12.30.62","DEMOLICION DE PAV. RIGIDO e=>16cm","M2","17490.30",
"12.30.70","REMOCION MECANICA DE DERRUMBES+RETIRO","M3","33907.89",
"12.30.73","DEMOL. ALCANTARILLAS D=20"-36"","ML","111166.56",
"12.30.74","DEMOLICION CAJAS","M3","83911.03",
"12.30.75","DEMOLICION COLUMNA CONCRETO","M3","144839.88",
"12.30.76","DEMOLICION ESCALERAS","M2","33542.41",
"12.30.77","DEMOLICION MURO CONCRETO e=15cm","M2","35327.79",
"12.30.78","DEMOLUCION MURO CONCRETO e=30cm","M2","71300.88",
"12.30.79","DESMONTE CIELO RASO ALUMINIO","M2","2045.64",
"12.30.80","DESMONTE APARATO SANITARIO","UND","21925.08",
"12.30.81","DESMONTE LAVADERO PREFABRICADO","UND","17540.07",
"12.30.82","DESMONTE REJA METALICA","M2","13322.70",
"12.30.83","DESMONTE CUBIERTA ZINC","M2","11310.54",
"12.30.84","DESMONTAJE CANALES-BAJANTES","ML","3636.76",
"12.30.85","DESMONTAJE DIV. PANEL YESO-SUPERBOARD","M2","8422.38",
"12.30.86","DESMONTE RETIRO ADOQUIN PREFABRICADO","M2","4679.10",
"12.40.70","EXCAV. MAN. EN ROCA CON CEMENTO NO EXPLO","M3","179871.38",
"12.50.49","RESTITUCION CON AFIRMADO Y CEMENTO 5%","M3","116982.95",
"22.22.16","VIGA CANAL 60x85","ML","99370.71",
"31.10.22","TUBERIA CPVC 1/2"","ML","36137.00",
"32.10.49","TUBERIA REVENTILACION PVC 2"","ML","70216.41",
"32.10.50","INSTAL. CANAL PVC TIPO AMAZONAS","ML","56860.51",
"32.10.51","CANAL RAINGO PVC AGUAS LLUVIAS","ML","39658.61",
"36.20.12","CALENTADOR DE AGUA 5LT","UND","537980.26",
"36.20.15","CALENTADOR DE AGUA 13LT","UND","727980.26",
"36.20.17","CALENTADOR DE AGUA 16LT","UND","1206100.26",
"35.10.03","CALENTADOR DE AGUA 10LT ELECTRICO","UND","552977.26",
"35.10.05","CALENTADOR DE AGUA 17 LT ELECTRICO","UND","748677.26",
"32.50.36","TINA 1.20 x 0.78 x 0.39 m","UND","816586.83",
"32.50.37","TINA 1.50 x 0.90 x 0.41 m","UND","1018036.83",
"32.50.38","TINA 2.60 x 2.00 x 0.90 m","UND","7066840.83",
"32.50.39","TINA 1.56m diametro x 0.45m","UND","1381258.83",
"36.10.04","RED INTERNA DE GAS","ML","71225.09",
"41.30.03","MURO EN SUPERBOARD UNA CARA","M2","48259.76",
"41.30.10","MURO 2 CARAS COMBINADAS e=0.07-0.08cm","M2","95890.13",
"41.30.05","MURO EN SUPERBOARD 2 CARAS e=0.2m","M2","110148.73",
"41.30.08","MURO EN DRYWALL 2 CARAS e=0.1m","M2","75485.43",
"43.20.03","CIELORASO EN DRYWALL 1/2"","M2","48662.91",
"44.10.70","ALISTADO PISO ESMALTADO 5cm","M2","22609.88",
"44.10.71","ALISTADO PISO IMPERMEABLE e=0.04","M2","27466.28",
"44.23.03","PISO GRANITO PULIDO","M2","124413.71",
"44.23.05","PELDA?O GRANITO PULIDO","ML","87150.77",
"44.23.07","GRANITO PULIDO MESONES","ML","90041.37",
"44.21.50","PISO PORCELANATO 80x80","M2","166751.03",
"44.21.51","PISO PORCELANATO GALICIA BLANCO 60x60","M2","186394.81",
"45.11.13","PA?ETE MALLA VENADA 1:3","M2","22735.14",
"45.21.10","PA?ETE MURO IMPERMEABLE 1:2","M2","22386.95",
"44.23.08","GUARDAESCOBA GRANITO PULIDO","ML","57875.65",
"44.21.53","GUARDAESCOBA EN GRES","ML","15635.84",
"46.60.30","PINTURA POLIURETANICA","M2","25323.24",
"44.21.49","PAVIMENTO ADOQUIN VEHICULAR (20x10x8cm)","M2","85719.36",
"56.20.13","LAVADO DE MUROS","M2","23395.50",
"31.10.19","TUBERIA PEAD 200MM 230PSI RDE11","M","171690.80",
"31.10.20","TUBERIA PEAD 160MM 230PSI RDE11","M","127031.56",
"32.20.01","ACOMETIDA TRIFASICA BAJA TENSION","UND","77692.76",
"33.10.05","SALIDA TOMA REGULADA 110V","UND","132404.36",
"34.20.49","SALIDA CAMARA CABLEADA","UND","166078.26",
"34.20.50","SALIDA PUNTO ALARMA","UND","163365.02",
"31.60.01","TUBERIA ACERO SCH 40 ROSCAR 1 1/4"","ML","22642.62",
"31.60.02","TUBERIA ACERO A795 RANURADO 1 1/2"","ML","25068.12",
"31.60.03","TUBERIA ACERO A795 RANURADO 2"","ML","31730.49",
"31.60.04","TUBERIA ACERO A795 RANURADO 3"","ML","46740.36",
"31.60.05","TUBERIA ACERO A795 RANURADO 4"","ML","54527.10",
"31.70.01","ACCESORIOS TUB. ACERO SCH","UND","34294.78",
"31.70.02","Accesorio Tub. Acero Ranurado 1 1/2","und","17694.28",
"31.70.03","ACCESORIO TUB. ACERO RANURADO 2"","UND","41042.07",
"31.70.04","ACCESORIO TUB. ACERO RANURADO 3"","UND","37608.08",
"31.70.05","ACCESORIO TUB. ACERO RANURADO 4"","UND","46740.24",
"31.80.01","STRAP RANURADO 1 1/2"","UND","29327.10",
"31.80.02","STRAP RANURADO 1 1/4"","UND","23407.28",
"31.90.01","SIAMESA 4 x 2-1/2 x 2-1/2"","UND","874878.40",
"31.91.01","GABINETE DE INCENDIO VALV. 1-1/2 Y 2-1/2","UND","1085704.68",
"31.92.01","PUNTO HIDRAULICO ROCIADOR","UND","65490.32",
"31.92.02","ESCUDO DOBLE PARA ROCIADOR 1/2"","und","13595.84",
"31.92.03","SUMINISTRO  E INST. ROCIADOR 1/2" k=5.6","und","48796.68",
"31.93.01","ABRAZADERA TIPO PERA UL 1-1/4"","UND","12162.30",
"31.93.02","ABRAZADERA TIPO PERA UL 1-1/2"","UND","12424.80",
"31.93.03","ABRAZADERA TIPO PERA UL 2"","UND","12613.80",
"31.93.04","ABRAZADERA TIPO PERA UL 3"","UND","23085.60",
"31.93.05","ABRAZADERA TIPO PERA UL 4"","UND","24219.60",
"31.94.01","PINTURA TUBERIA INCENDIO 1-1/4" a 3"","ML","18039.76",
"31.95.01","SISTEMA DE PRESION CONTRA INCENDIO","UND","15646395.60",
"46.23.24","SUM E INST DE VENTANA PVC DE 1.0 X1.3 Mt","UN","250233.90",
"46.23.27","SUM E INST DE VENTANA PVC DE 1.5X1.3 mts","UN","282799.20",
"46.23.30","SUM E INST DE VENTANA PVC DE 2.0X1.3 mts","UND","325289.16",
"46.23.33","SUM E INST DE VENTANA PVC DE 3.8X2.3 mts","UN","418598.40",
"45.13.33","PINTURA KORAZA TIPO PINTUCO PARA FACHADA","M2","8411.24",
"32.40.87","SECADOR DE MANO ACERO INOXIDABLE SOCODA","UND","352890.33",
"32.40.88","SECADOR DE MANOS CARCAZA ABS AA","UND","650636.73",
"32.40.89","INST DE SANITARIO TIPO ACUAPLUS","UND","557199.36",
"45.12.36","WIN EN PVC ENCHAPE DE PARED","M","4664.89",
"12.20.32","ACOMETIDA PROVISIONAL ELECTRICA","UND","521496.00",
"12.20.40","ACOMETIDA PROVISIONAL ACUEDUCTO","UND","834373.20",
"22.90.30","MALLA ELECTROSOLDADA DE 15X15X6 MM","KG","2885.88",
"12.61.02","BARRERA DE VAPOR EN POLISEC","M2","2111.46",
"12.61.10","GEOTEXTIL NT 1500","M2","0.00",
"12.61.20","GEOTEXTIL NT 2500","M2","3103.40",
"12.61.30","GEOTEXTIL NT 4000","M2","0.00",
"12.61.40","GEOMEMBRANA","M2","0.00",
"12.20.42","RED ELECTRICA PROVISIONAL 5 SALIDAS","UND","894303.20",
"12.40.22","DESCAPOTE MANUAL H=0.10 SIN RETIRO","M2","2059.02",
"12.40.23","DESCAPOTE CON MAQUINA H=0.10 SIN RETIRO","M2","2059.02",
"12.40.25","DESCAPOTE CON MAQUINA H=0.10 RETIRO 5KM","M2","0.00",
"12.40.26","DESCAPOTE CON MAQUINA H=0.20 RETIRO 5 KM","M2","0.00",
"22.35.20","VIGUETA DE REMATE SOBRE MURO 12*12","ML","0.00",
"22.35.24","COLUMNETA DE REMATE DE MURO 12*12","ML","0.00",
"22.90.30","MALLA ELECTROSOLDADA 5 MM 20*20","M2","2885.88",
"22.90.32","MALLA ELECTROSOLDADA 5 MM 15*15","M2","2133.96",
"20.90.34","MALLA ELECTROSOLDADA 6MM 15*15","M2","0.00",
"22.90.34","MALLA ELECTROSOLDADA 6MM 15*15","M2","483.96",
"22.90.36","MALLA ELECTROSOLDADA","KG","0.00",
"51.30.01","CONO DE REDUCCION PARA POZO","UND","0.00",
"51.30.31","BASE PARA POZO DE INSPECCION","UND","0.00",
"51.30.33","PLACA SUPERIOR PARA POZO RECTO","UND","0.00",
"51.30.34","ANILLO SUPERIOR PARA POZO CON REDUCCION","UND","0.00",
"51.30.35","TAPA EN CONCRETO PARA POZO","UND","0.00",
"51.30.37","TAPA EN HF PARA POZO","UND","0.00",
"51.30.39","CA?UELAS PARA POZO DE INSPECCION","UND","0.00",
"55.20.41","ADOQUIN VEHICULAR","M2","1553890.98",
"55.20.45","ADOQUIN PEATONAL","M2","39884.43",
"51.11.60","TUBERIA PEAD","ML","0.00",
"22.90.62","TENDONES DE PRESFORZADO ADHERIDO","T-M","0.00",
"22.90.64","TENDONES DE PRESFORZADO NO ADHERIDO","T-M","0.00",
"52.11.02","TUBERIA PVC UM RDE 21 D=2"","ML","21380.84",
"52.11.04","TUBERIA PVC UM RDE 21 D=2 1/2"","ML","27447.51",
"52.11.06","TUBERIA PVC UM RDE 21 D=3"","ML","37025.39",
"52.11.08","TUBERIA PVC UM RDE 21 D=4"","ML","55745.70",
"52.11.10","TUBERIA PVC UM RDE 21 D=5"","ML","100317.04",
"52.11.12","TUBERIA PVC UM RDE 21 D=6"","ML","100317.04",
"52.11.14","TUBERIA PVC UM RDE 21 D=8"","ML","260353.51",
"52.11.16","TUBERIA PVC UM RDE 21 D=10"","ML","234029.45",
"52.11.18","TUBERIA PVC UM RDE 26 D=2"","ML","20158.93",
"52.11.20","TUBERIA PVC UM RDE 26 D=2 1/2"","ML","24852.67",
"52.11.22","TUBERIA PVC UM RDE 26 D=3"","ML","33168.45",
"52.11.24","TUBERIA PVC UM RDE 26 D=4"","ML","49543.35",
"52.11.26","TUBERIA PVC UM RDE 26 D=4"","ML","149662.78",
"52.11.26","TUBERIA PVC UM RDE 21 D=5"","ML","149662.78",
"52.11.28","TUBERIA PVC UM RDE 26 D=6"","ML","85235.67",
"52.11.30","TUBERIA PVC UM RDE 26 D=8"","ML","142786.81",
"52.11.32","TUBERIA PVC UM RDE 26 D=10"","ML","193213.85",
"52.11.34","TUBERIA PVC UM RDE 32.5 D=6"","ML","72829.25",
"52.11.61","TUBERIA PEAD 2"","ML","0.00",
"52.11.62","TUBERIA PEAD 2 1/2"","ML","0.00",
"52.11.64","TUBERIA PEAD 3"","ML","0.00",
"52.11.65","TUBERIA PEAD 6"","ML","0.00",
"52.11.63","TUBERIA PEAD 3"","ML","0.00",
"51.11.64","TUBERIA PEAD 4"","ML","0.00",
"52.11.64","TUBERIA PEAD 4"","ML","0.00",
"52.21.02","VALVULAS HD 2"","UND","0.00",
"52.21.03","VALVULAS HD 2 1/2"","UND","0.00",
"52.21.04","VALVULAS HD 3"","UND","0.00",
"52.21.05","VALVULAS HD 4"","UND","0.00",
"52.21.06","VALVULAS HD 6"","UND","0.00",
"52.21.07","VALVULAS HD 8"","UND","0.00",
"52.21.10","CODO HD 11.25 -2"","UND","0.00",
"52.21.11","CODO HD 11.25 - 3"","UND","0.00",
"52.21.12","CODO HD 11.25 - 4"","UND","0.00",
"52.21.13","CODO HD 11.25 - 6"","UND","0.00",
"52.21.14","CODO HD 11.25 - 8"","UND","0.00",
"52.21.20","CODO HD 45 - 2"","UND","0.00",
"52.21.21","CODO HD 45 - 3"","UND","0.00",
"52.21.22","CODO HD 45 - 4"","UND","0.00",
"52.21.23","CODO HD 45 - 6"","UND","0.00",
"52.21.24","CODO HD 45 - 8"","UND","0.00",
"52.21.30","TEE HD 45 - 2"","UND","0.00",
"52.21.31","TEE HD 45 - 3"","UND","0.00",
"52.21.32","TEE HD 45 - 4"","UND","0.00",
"52.21.33","TEE HD 45 - 6"","UND","0.00",
"52.21.34","TEE HD 45 - 8"","UND","0.00",
"52.21.90","MICROMEDIDOR 2"","UND","0.00",
"52.21.91","MICROMEDIDOR 3"","UND","0.00",
"52.21.92","MICROMEDIDOR 4"","UND","0.00",
"52.21.93","MICROMEDIDOR 6"","UND","0.00",
"52.21.94","MICROMEDIDOR 8"","UND","0.00",
"12.30.64","CORTE DE PAVIMENTO ASFALTICO 5 a 7 cms","ML","1626.69",
"12.30.65","CORTE DE PAVIMENTO DE CONCRETO e=0.12","ML","2259.30",
"31.30.03","TANQUE DE ALMACENAMIENTO DE 500 lts","UND","312463.40",
"31.30.06","TANQUE DE ALMACENAMIENTO DE 1000 lts","UND","442307.40",
"31.30.09","TANQUE DE ALMACENAMIENTO DE 2000 lts","UND","896206.40",
"31.30.12","TANQUE DE ALMACENAMIENTO DE 5000 lts","UND","2247420.40",
"31.30.14","REGISTRO D=1/2"","UND","54493.18",
"31.30.18","REGISTRO D=1"","UND","88361.32",
"31.30.16","REGISTRO D=3/4"","UND","38637.34",
"31.30.18","REGISTRO D=1"","UND","88361.32",
"31.30.24","MEDIDOR DE AGUA 1"","UND","344943.36",
"31.30.26","MEDIDOR DE AGUA 1/2","UND","187695.20",
"31.30.28","MEDIDOR DE AGUA 3/4","UND","250379.20",
"31.30.50","BOMBA 0.5 HP","UND","0.00",
"31.30.52","BOMBA 0.75 HP","UND","0.00",
"31.30.54","BOMBA 1.0 HP","UND","0.00",
"22.60.02","MUROS EN GAVIONES","M3","96814.24",
"22.61.02","MUROS EN TIERRA ARMADA","M3","0.00",
"22.62.02","PANTALLAS EN CONCRETO LANZADO","M3","0.00",
"22.63.02","ANCLAJES DE 20 TON","ML","0.00",
"22.63.04","ANCLAJES DE 30 TON","ML","0.00",
"22.63.12","ANCLAJES PASIVO VARILLA 5/8","ML","0.00",
"22.63.14","ANCLAJE PASIVO VARILLA 3/4","ML","0.00",
"22.70.01","DISIPADOR DE ENERGIA EN GAVIONES","","0.00",
"22.70.11","COCHONETA RENO","M3","125258.96",
"22.70.21","BOLSACRETOS","","0.00",
"31.10.24","TUBERIA CPVC 3/4"","ML","34011.02",
"31.10.26","TUBERIA DE CPVC 1"","ML","66331.52",
"31.10.28","PUNTO AGUA CALIENTE CPVC","UND","0.00",
"12.61.20","GEOTEXTIL NT 1600","","3103.40",
"33.42.07","POSTE DE CONCRETO 8M X 1500 KG","UND","796760.58",
"34.10.01","CITOFONO APARATO","UND","74286.24",
"34.10.02","DUCTO CONDUIT PVC 1"","ML","14931.56",
"34.10.03","CAJAS DE PASO PARED","UND","47734.46",
"34.10.04","SALIDA CITOFONO","UND","43859.65",
"34.10.05","CABLE UTP DE 4 PARES","UND","3799.73",
"34.10.06","CERRADURA ELECTRICA CANTONERA","UND","107325.60",
"34.10.07","PORTERO CITOFONIA","UND","381487.77",
"34.10.08","CABLE CITOFONIA PARCIAL 20P","UND","9052.86",
"33.20.01","ACOMETIDA #3#6+1#8 A8000","ML","9751.94",
"33.40.01","CAJAS BAJA TENSION PISO","UND","274458.86",
"33.40.02","DUCTO PVC 1 1/2"","UND","76014.45",
"33.40.03","TABLERO GENERAL MEDIDORES (8)","UND","2207712.67",
"33.40.04","TOTALIZADOR GENERAL","UND","218629.44",
"33.40.05","TOTALIZADORES PARCIALES TABLERO","UND","51329.37",
"33.40.07","MEDIDOR TRIFILAR","UND","224993.95",
"33.40.08","CAJA DE PASO 30*30*10","UND","47527.97",
"33.40.09","FOSOS DE PUESTA A TIERRA","UND","352909.15",
"33.40.10","SALIDA MT MOTOBOMBAS-PORTON","UND","100839.46",
"33.40.11","TOTALIZADOR PARCIAL MOTOBOMBA 2*40","UND","58350.24",
"33.40.12","SALIDAS ALUMBRADO / TOMAS ESCALERA","UND","61462.85",
"33.40.13","SALIDA SENSORES ESCALERA","UND","67582.85",
"33.40.14","SENSORES ESCALERA","UND","81606.24",
"33.40.15","CONTROLES ESCALERAS","UND","225214.46",
"33.40.16","CAJAS DE ALUMBRADO PISO","UND","164238.86",
"33.40.17","LUMINARIA TIPO PEDESTAL","UND","28534.46",
"33.40.18","AVISOS MARQUILLAS TABLEROS","UND","126209.95",
"33.40.19","TORTUGAS INTEMPERIE","UND","40343.33",
"33.40.20","BAJANTE EN 1 1/2" GALV","UND","0.00",
"33.20.02","ACOMETIDA CONDOMINIO 4#2 A8000","UND","29473.92",
"34.30.01","DUCTO 1 1/4" PVC","ML","22809.94",
"34.30.02","CAJA DE PASO PARED","UND","47734.46",
"34.30.03","DUCTO PVC 3/4"","ML","11209.47",
"34.10.09","DUCTO 1 1/4" PVC","ML","0.00",
"33.50.01","ABERTURA Y CONEXION PUENTES LINEA","UND","230862.53",
"33.50.02","RED 3#1/0 ACSR ALUMINIO","ML","13256.95",
"53.00.7","POSTE DE CONCRETO 12M X 2000 KG","","0.00",
"05.30.08","POSTE DE CONCRETO 12M X 1500 KG","UND","0.00",
"53.00.8","POSTES DE CONCRETO 12M X 1500 KG","","0.00",
"53.00.08","POSTES DE CONCRETO 12M X 1500 KG","UND","1730294.40",
"53.00.07","POSTES DE CONCRETO 12M X 2000 KG","UND","2089094.40",
"53.00.04","POSTES DE CONCRETO 8M X 2000 KG","UND","1084360.58",
"53.00.05","POSTES DE CONCRETO 8M X 1050 KG","UND","834760.58",
"33.50.03","FUNDIDA POSTE CONCRETO","M3","100465.95",
"33.50.04","TEMPLETE STOP","UND","224973.15",
"33.41.34","ESTRUCTURA 553 NORMA ICEL","UND","719913.79",
"33.45.04","TRANSFORMADOR 112.5 KVA","UN","11449753.92",
"33.60.01","PROTECCIONES TRIFASICAS C MET","UND","1488198.91",
"33.60.02","CAMARETA TRANSFORMADORES","UND","359317.15",
"33.60.03","ENERGIZACION DE CORTA CIRCUITOS","UND","192041.28",
"33.60.04","MONTAJE DE TRANSFORMADOR","UND","424899.52",
"33.40.21","RED 4*4/0 XLPE TRENZADO","ML","49342.46",
"33.40.22","RED 2/0 XLPE TRENZADO","ML","45670.46",
"33.40.23","RED 1/0 XLPE TRENZADO","ML","43222.46",
"33.40.24","CAJA DE DERIVACION ACOMETIDAS","UND","404440.41",
"33.40.25","ESTRUCTURA TERMINAL BAJA TENSION","UND","33507.24",
"33.40.26","ESTRUCTURA PASO BAJA TENSION","UND","27800.23",
"33.40.27","ESTRUCTURA ABERTURA BAJA TENSION","UND","58250.23",
"33.40.28","CRUCES AEREOS BAJA TENSION","UND","43841.95",
"33.40.29","PUESTA A TIERRA BAJA TENSION","UND","194393.95",
"33.70.01","PERCHA 1 PUESTO","UND","0.00",
"33.70.02","LUMINARIA DE 70W 220V","UND","0.00",
"33.70.03","MEDIDOR TRIFILAR ALUMBRADO","UND","0.00",
"33.70.04","RED 3#4 ALUMINIO TRENZADO","ML","8788.98",
